ID;UF;LON;LAT;ANNUAL;JAN;FEB;MAR;APR;MAY;JUN;JUL;AUG;SEP;OCT;NOV;DEC
35974;Pernambuco;-40.749;-9.5005;191;215;182;199;175;162;151;167;193;201;219;213;211
35975;Pernambuco;-40.649;-9.5005;188;212;180;198;173;159;148;164;189;199;217;212;208
35976;Pernambuco;-40.549;-9.5005;184;206;175;193;170;154;146;159;185;195;213;207;203
36352;Pernambuco;-40.749;-9.4005;187;210;178;193;171;157;149;162;189;199;217;208;206
36353;Pernambuco;-40.649;-9.4005;188;214;179;197;174;159;146;160;188;198;218;212;208
36354;Pernambuco;-40.549;-9.4005;191;218;185;201;176;159;155;166;194;201;221;213;209
36355;Pernambuco;-40.449;-9.4005;187;213;181;198;173;156;148;161;187;196;217;212;206
36356;Pernambuco;-40.349;-9.4005;185;209;177;196;172;155;144;156;184;197;212;208;205
36389;Pernambuco;-37.049;-9.4005;179;207;182;199;175;147;133;138;159;177;203;213;213
36390;Pernambuco;-36.949;-9.4005;178;204;178;195;172;148;132;141;163;177;204;212;211
36730;Pernambuco;-40.749;-9.3005;187;208;179;193;173;159;149;161;191;201;218;206;204
36731;Pernambuco;-40.649;-9.3005;187;210;180;197;173;158;147;160;189;201;218;209;207
36732;Pernambuco;-40.549;-9.3005;187;213;180;199;172;156;145;159;185;198;219;212;207
36733;Pernambuco;-40.449;-9.3005;186;209;178;196;173;156;145;159;191;198;216;209;206
36734;Pernambuco;-40.349;-9.3005;184;209;174;194;171;154;144;155;183;195;213;208;204
36755;Pernambuco;-38.249;-9.3005;195;219;191;212;187;159;150;160;190;197;223;224;222
36756;Pernambuco;-38.149;-9.3005;185;211;182;200;174;153;140;154;178;188;210;217;213
36766;Pernambuco;-37.149;-9.3005;180;208;182;198;175;148;133;139;166;177;206;215;214
36767;Pernambuco;-37.049;-9.3005;175;199;175;191;171;147;127;136;159;175;198;209;209
36768;Pernambuco;-36.949;-9.3005;178;203;179;191;172;147;133;141;164;180;204;211;211
36769;Pernambuco;-36.849;-9.3005;179;205;179;197;177;150;131;137;158;177;205;213;213
36770;Pernambuco;-36.749;-9.3005;182;207;182;200;178;152;135;143;167;182;205;214;216
36771;Pernambuco;-36.649;-9.3005;176;205;179;195;170;140;125;135;158;177;204;216;214
36772;Pernambuco;-36.549;-9.3005;171;197;175;191;169;138;120;127;149;166;195;212;209
36773;Pernambuco;-36.449;-9.3005;175;201;179;196;169;143;128;135;156;171;200;211;209
37109;Pernambuco;-40.649;-9.2005;185;206;173;193;171;158;146;159;189;199;216;205;201
37110;Pernambuco;-40.549;-9.2005;186;208;175;195;171;158;147;159;190;199;215;207;202
37111;Pernambuco;-40.449;-9.2005;181;204;169;190;168;155;143;153;185;197;212;203;199
37112;Pernambuco;-40.349;-9.2005;185;210;175;195;172;156;143;157;185;197;215;209;204
37113;Pernambuco;-40.249;-9.2005;177;198;166;186;162;147;138;151;179;194;208;201;196
37132;Pernambuco;-38.349;-9.2005;190;218;191;210;183;155;141;152;178;193;220;221;217
37133;Pernambuco;-38.249;-9.2005;187;214;187;205;179;153;138;154;176;194;218;219;215
37134;Pernambuco;-38.149;-9.2005;181;206;178;199;172;149;132;142;172;187;212;213;211
37135;Pernambuco;-38.049;-9.2005;181;204;179;200;172;147;134;142;170;184;209;216;212
37136;Pernambuco;-37.949;-9.2005;187;210;184;203;178;155;141;150;181;191;215;218;215
37143;Pernambuco;-37.249;-9.2005;184;211;184;201;177;153;136;145;165;185;217;216;217
37144;Pernambuco;-37.149;-9.2005;185;211;186;201;178;154;136;148;169;189;215;218;217
37145;Pernambuco;-37.049;-9.2005;180;208;181;199;175;148;132;140;163;179;207;213;212
37146;Pernambuco;-36.949;-9.2005;178;206;178;194;173;148;130;138;163;182;203;209;209
37147;Pernambuco;-36.849;-9.2005;178;201;175;190;171;150;134;147;169;182;202;212;209
37148;Pernambuco;-36.749;-9.2005;177;201;172;189;171;148;132;143;167;181;204;211;209
37149;Pernambuco;-36.649;-9.2005;178;204;175;190;169;144;131;142;167;183;205;218;212
37150;Pernambuco;-36.549;-9.2005;174;197;176;189;168;146;129;137;160;175;194;204;206
37151;Pernambuco;-36.449;-9.2005;176;203;177;193;166;143;130;137;161;173;200;213;211
37152;Pernambuco;-36.349;-9.2005;173;199;177;195;169;145;126;134;156;167;193;207;205
37153;Pernambuco;-36.249;-9.2005;171;196;176;193;168;141;125;131;155;168;191;205;205
37485;Pernambuco;-40.849;-9.1005;183;202;169;186;168;158;146;161;190;201;215;201;199
37486;Pernambuco;-40.749;-9.1005;183;205;171;190;167;155;144;158;188;199;215;202;200
37487;Pernambuco;-40.649;-9.1005;184;206;172;192;170;156;146;159;190;199;215;204;201
37488;Pernambuco;-40.549;-9.1005;184;207;173;192;170;156;146;158;187;198;215;205;201
37489;Pernambuco;-40.449;-9.1005;182;202;170;190;170;152;143;155;187;198;215;205;199
37490;Pernambuco;-40.349;-9.1005;185;210;176;196;171;153;145;156;184;198;215;209;204
37491;Pernambuco;-40.249;-9.1005;180;202;170;193;167;148;138;151;180;193;211;207;203
37492;Pernambuco;-40.149;-9.1005;181;204;173;192;169;149;141;152;180;193;213;206;202
37493;Pernambuco;-40.049;-9.1005;183;203;173;191;170;152;144;155;187;195;214;207;206
37494;Pernambuco;-39.949;-9.1005;182;201;173;191;169;154;143;157;185;195;213;206;204
37510;Pernambuco;-38.349;-9.1005;188;215;186;207;181;153;138;150;177;192;216;218;216
37511;Pernambuco;-38.249;-9.1005;187;213;183;199;178;156;141;152;180;195;219;217;212
37512;Pernambuco;-38.149;-9.1005;189;216;188;204;178;154;140;149;178;195;222;222;216
37513;Pernambuco;-38.049;-9.1005;180;207;179;201;171;145;129;140;166;183;211;216;211
37514;Pernambuco;-37.949;-9.1005;182;209;178;200;174;146;133;143;169;186;215;217;213
37520;Pernambuco;-37.349;-9.1005;192;217;190;208;183;162;144;157;180;197;223;224;223
37521;Pernambuco;-37.249;-9.1005;182;209;179;197;177;149;133;141;165;189;215;219;215
37522;Pernambuco;-37.149;-9.1005;181;207;179;195;176;150;130;143;163;187;214;217;214
37523;Pernambuco;-37.049;-9.1005;176;208;178;197;172;143;124;130;151;172;206;213;214
37524;Pernambuco;-36.949;-9.1005;172;202;173;193;171;140;121;128;148;169;200;210;209
37525;Pernambuco;-36.849;-9.1005;176;203;175;194;172;146;131;137;156;178;204;211;210
37526;Pernambuco;-36.749;-9.1005;175;202;174;191;169;139;123;132;160;177;205;214;212
37527;Pernambuco;-36.649;-9.1005;180;207;180;197;173;147;133;141;166;181;206;217;214
37528;Pernambuco;-36.549;-9.1005;176;203;180;193;169;144;128;136;159;173;201;215;212
37529;Pernambuco;-36.449;-9.1005;178;204;182;199;171;144;128;137;160;177;202;216;214
37530;Pernambuco;-36.349;-9.1005;175;204;179;198;170;144;128;134;153;171;195;209;208
37531;Pernambuco;-36.249;-9.1005;173;202;179;195;169;142;126;131;156;170;192;206;205
37532;Pernambuco;-36.149;-9.1005;167;192;171;187;166;141;123;128;148;163;187;199;197
37864;Pernambuco;-40.849;-9.0005;182;200;169;186;168;156;145;160;190;200;215;201;195
37865;Pernambuco;-40.749;-9.0005;182;203;169;188;168;156;144;158;189;199;214;202;197
37866;Pernambuco;-40.649;-9.0005;182;204;171;190;169;155;143;154;187;199;216;203;198
37867;Pernambuco;-40.549;-9.0005;183;204;173;191;170;155;143;156;186;199;215;203;198
37868;Pernambuco;-40.449;-9.0005;182;205;172;191;169;155;143;154;185;198;215;203;199
37869;Pernambuco;-40.349;-9.0005;181;201;171;189;170;152;142;153;185;197;214;203;199
37870;Pernambuco;-40.249;-9.0005;181;199;168;186;166;152;147;159;185;196;211;200;198
37871;Pernambuco;-40.149;-9.0005;182;200;169;191;171;153;145;155;184;196;212;204;199
37872;Pernambuco;-40.049;-9.0005;182;203;172;192;170;152;144;154;184;196;214;207;202
37873;Pernambuco;-39.949;-9.0005;182;203;172;193;170;152;142;152;183;195;213;207;205
37874;Pernambuco;-39.849;-9.0005;182;197;170;192;170;154;142;153;185;194;212;206;206
37886;Pernambuco;-38.649;-9.0005;188;212;180;205;179;157;143;158;178;194;217;218;216
37887;Pernambuco;-38.549;-9.0005;194;219;189;211;184;162;149;160;188;199;224;224;221
37888;Pernambuco;-38.449;-9.0005;196;222;191;212;188;166;152;166;191;201;224;224;219
37889;Pernambuco;-38.349;-9.0005;195;221;191;213;188;163;148;161;187;204;227;222;219
37890;Pernambuco;-38.249;-9.0005;191;215;185;206;182;154;142;155;190;201;224;223;217
37891;Pernambuco;-38.149;-9.0005;185;209;180;199;174;150;136;149;176;195;217;218;212
37892;Pernambuco;-38.049;-9.0005;185;208;180;200;173;153;140;155;180;193;218;216;210
37893;Pernambuco;-37.949;-9.0005;185;212;181;201;176;152;137;150;174;192;216;218;212
37894;Pernambuco;-37.849;-9.0005;183;214;182;200;175;147;133;143;170;185;213;217;213
37895;Pernambuco;-37.749;-9.0005;183;211;182;203;176;149;133;143;170;186;213;217;212
37896;Pernambuco;-37.649;-9.0005;185;212;185;203;177;150;133;146;173;187;216;220;215
37897;Pernambuco;-37.549;-9.0005;185;215;188;204;177;150;134;145;168;185;217;220;217
37898;Pernambuco;-37.449;-9.0005;185;214;185;204;179;149;131;149;169;189;217;219;216
37899;Pernambuco;-37.349;-9.0005;183;214;183;204;179;149;133;142;166;185;213;217;216
37900;Pernambuco;-37.249;-9.0005;186;212;185;202;179;154;134;149;174;190;217;219;216
37901;Pernambuco;-37.149;-9.0005;184;209;183;198;178;152;134;145;172;191;216;218;216
37902;Pernambuco;-37.049;-9.0005;186;211;183;199;179;151;136;150;174;193;219;218;216
37903;Pernambuco;-36.949;-9.0005;185;212;181;199;178;154;136;148;175;191;214;215;214
37904;Pernambuco;-36.849;-9.0005;177;201;169;185;171;146;131;140;170;186;207;211;203
37905;Pernambuco;-36.749;-9.0005;181;208;177;192;174;150;132;143;168;186;209;217;214
37906;Pernambuco;-36.649;-9.0005;177;203;175;190;171;143;127;137;164;177;205;216;211
37907;Pernambuco;-36.549;-9.0005;178;208;181;194;172;147;129;137;161;178;203;216;214
37908;Pernambuco;-36.449;-9.0005;177;207;180;198;172;144;130;138;160;177;199;213;211
37909;Pernambuco;-36.349;-9.0005;175;205;182;197;171;146;126;131;152;172;199;211;210
37910;Pernambuco;-36.249;-9.0005;171;198;174;190;169;139;126;130;152;168;191;205;205
37911;Pernambuco;-36.149;-9.0005;172;199;177;194;168;144;127;134;158;169;191;205;204
38243;Pernambuco;-40.949;-8.9005;181;198;167;184;164;155;145;160;190;201;215;199;195
38244;Pernambuco;-40.849;-8.9005;182;199;168;188;167;156;146;160;190;202;215;200;197
38245;Pernambuco;-40.749;-8.9005;183;202;170;190;169;156;144;158;189;200;216;202;198
38246;Pernambuco;-40.649;-8.9005;183;202;172;190;170;155;145;156;189;200;215;202;199
38247;Pernambuco;-40.549;-8.9005;182;201;172;189;166;155;145;156;188;199;215;202;200
38248;Pernambuco;-40.449;-8.9005;181;200;171;187;167;153;143;154;187;199;214;200;197
38249;Pernambuco;-40.349;-8.9005;181;201;171;188;167;154;143;156;187;196;213;201;199
38250;Pernambuco;-40.249;-8.9005;179;197;167;187;167;152;142;152;183;194;210;200;198
38251;Pernambuco;-40.149;-8.9005;181;199;168;188;169;153;144;155;185;197;212;201;197
38252;Pernambuco;-40.049;-8.9005;179;198;167;189;165;151;140;151;181;195;213;204;199
38253;Pernambuco;-39.949;-8.9005;183;202;171;191;172;153;141;155;182;196;215;208;204
38254;Pernambuco;-39.849;-8.9005;182;202;170;190;170;154;142;154;183;194;215;208;205
38265;Pernambuco;-38.749;-8.9005;197;221;192;213;186;165;153;165;191;203;226;225;222
38266;Pernambuco;-38.649;-8.9005;199;219;193;216;189;167;154;174;196;206;228;220;221
38267;Pernambuco;-38.549;-8.9005;198;219;191;212;187;168;154;173;196;203;227;223;221
38268;Pernambuco;-38.449;-8.9005;193;217;188;207;184;161;148;160;188;201;223;221;218
38269;Pernambuco;-38.349;-8.9005;191;218;185;202;180;161;147;159;184;199;222;218;215
38270;Pernambuco;-38.249;-8.9005;185;211;181;197;176;153;139;150;175;194;216;215;212
38271;Pernambuco;-38.149;-8.9005;186;213;181;201;177;154;140;153;178;194;216;216;214
38272;Pernambuco;-38.049;-8.9005;184;207;179;198;173;151;138;151;172;192;214;215;212
38273;Pernambuco;-37.949;-8.9005;184;209;180;203;176;150;136;148;169;191;216;218;214
38274;Pernambuco;-37.849;-8.9005;182;208;179;200;174;147;129;145;171;191;214;217;210
38275;Pernambuco;-37.749;-8.9005;184;209;181;196;175;149;134;149;177;193;215;216;210
38276;Pernambuco;-37.649;-8.9005;190;218;187;205;183;158;142;156;182;195;222;220;218
38277;Pernambuco;-37.549;-8.9005;190;216;187;206;182;159;142;159;182;194;219;219;216
38278;Pernambuco;-37.449;-8.9005;186;215;185;207;180;150;134;146;172;190;217;220;215
38279;Pernambuco;-37.349;-8.9005;183;213;183;204;177;148;132;141;168;185;213;218;215
38280;Pernambuco;-37.249;-8.9005;180;210;180;199;175;145;127;138;163;181;211;215;213
38281;Pernambuco;-37.149;-8.9005;182;209;180;197;177;152;135;142;169;185;211;213;213
38282;Pernambuco;-37.049;-8.9005;181;201;178;194;176;149;134;145;177;187;209;212;210
38283;Pernambuco;-36.949;-8.9005;181;205;178;191;176;149;134;144;174;185;209;212;211
38284;Pernambuco;-36.849;-8.9005;180;202;175;191;175;150;133;145;168;188;210;214;208
38285;Pernambuco;-36.749;-8.9005;181;205;175;190;174;148;133;146;176;191;211;216;211
38286;Pernambuco;-36.649;-8.9005;184;211;182;194;173;148;135;147;173;191;211;220;217
38287;Pernambuco;-36.549;-8.9005;181;210;180;192;173;149;134;146;168;187;206;216;212
38288;Pernambuco;-36.449;-8.9005;178;206;178;194;171;146;130;141;168;182;203;213;211
38289;Pernambuco;-36.349;-8.9005;176;201;178;192;170;145;133;139;162;177;198;209;207
38290;Pernambuco;-36.249;-8.9005;174;199;177;191;169;146;131;138;160;175;195;207;205
38291;Pernambuco;-36.149;-8.9005;169;194;170;185;165;143;125;131;155;168;190;203;202
38292;Pernambuco;-36.049;-8.9005;169;194;171;185;163;140;126;132;156;166;192;204;199
38293;Pernambuco;-35.949;-8.9005;168;191;173;187;165;139;124;131;153;165;189;198;200
38294;Pernambuco;-35.849;-8.9005;169;195;174;189;164;142;128;133;150;166;189;199;198
38295;Pernambuco;-35.749;-8.9005;161;183;167;184;162;138;125;125;140;156;175;188;189
38296;Pernambuco;-35.649;-8.9005;165;188;170;186;165;140;126;127;147;163;181;193;193
38297;Pernambuco;-35.549;-8.9005;165;188;168;186;163;143;128;133;147;162;181;194;190
38298;Pernambuco;-35.449;-8.9005;170;192;171;189;165;145;130;138;151;170;191;200;197
38299;Pernambuco;-35.349;-8.9005;173;197;177;194;168;146;131;139;154;170;194;202;201
38300;Pernambuco;-35.249;-8.9005;175;198;180;199;172;148;132;139;154;170;195;205;203
38301;Pernambuco;-35.149;-8.9005;180;205;184;204;176;151;134;144;160;179;204;211;210
38622;Pernambuco;-41.149;-8.8005;181;195;163;182;163;155;148;163;192;203;215;197;192
38623;Pernambuco;-41.049;-8.8005;181;196;166;184;164;155;147;161;192;203;216;197;195
38624;Pernambuco;-40.949;-8.8005;183;200;169;188;167;157;147;161;191;202;217;201;198
38625;Pernambuco;-40.849;-8.8005;183;201;168;189;167;157;146;161;192;202;217;201;199
38626;Pernambuco;-40.749;-8.8005;182;199;169;187;167;156;145;158;190;200;213;198;196
38627;Pernambuco;-40.649;-8.8005;181;198;169;185;166;155;146;159;190;200;214;197;196
38628;Pernambuco;-40.549;-8.8005;182;199;169;186;167;157;146;158;189;198;215;201;197
38629;Pernambuco;-40.449;-8.8005;182;201;169;186;167;155;147;158;188;200;215;201;199
38630;Pernambuco;-40.349;-8.8005;180;200;169;186;168;151;143;155;187;196;213;200;197
38631;Pernambuco;-40.249;-8.8005;179;197;167;186;163;151;142;153;184;194;213;198;195
38632;Pernambuco;-40.149;-8.8005;178;196;167;186;165;151;140;149;180;195;211;201;194
38633;Pernambuco;-40.049;-8.8005;179;199;167;189;168;153;140;149;179;195;213;202;195
38634;Pernambuco;-39.949;-8.8005;181;199;169;191;168;151;141;151;181;195;213;206;201
38635;Pernambuco;-39.849;-8.8005;185;205;176;197;176;155;142;153;188;200;215;209;204
38636;Pernambuco;-39.749;-8.8005;184;208;173;198;172;153;140;152;182;195;217;213;211
38637;Pernambuco;-39.649;-8.8005;185;204;174;194;173;154;142;156;186;197;217;211;208
38643;Pernambuco;-39.049;-8.8005;190;215;185;206;180;157;143;156;180;197;220;222;218
38644;Pernambuco;-38.949;-8.8005;191;214;187;209;182;158;141;157;185;201;224;221;217
38645;Pernambuco;-38.849;-8.8005;198;221;190;212;188;167;153;172;196;205;228;224;221
38646;Pernambuco;-38.749;-8.8005;197;217;190;211;186;167;152;167;200;205;227;220;217
38647;Pernambuco;-38.649;-8.8005;198;218;192;213;189;167;154;170;200;206;227;222;219
38648;Pernambuco;-38.549;-8.8005;197;218;189;211;188;166;152;175;199;205;225;221;218
38649;Pernambuco;-38.449;-8.8005;192;217;185;205;182;161;146;161;190;201;223;220;216
38650;Pernambuco;-38.349;-8.8005;184;207;177;197;172;152;137;153;177;192;217;217;211
38651;Pernambuco;-38.249;-8.8005;187;208;177;198;174;154;143;158;189;199;217;212;211
38652;Pernambuco;-38.149;-8.8005;185;207;178;198;175;154;141;155;181;193;214;213;207
38653;Pernambuco;-38.049;-8.8005;185;209;181;201;176;154;140;152;175;194;216;214;210
38654;Pernambuco;-37.949;-8.8005;183;209;177;201;176;151;135;149;173;191;213;211;209
38655;Pernambuco;-37.849;-8.8005;184;212;182;203;176;149;132;143;169;192;216;215;213
38656;Pernambuco;-37.749;-8.8005;188;216;185;206;180;154;137;150;184;198;221;217;213
38657;Pernambuco;-37.649;-8.8005;191;215;186;204;182;160;145;160;185;201;222;217;215
38658;Pernambuco;-37.549;-8.8005;191;215;186;204;181;160;143;159;186;201;223;218;214
38659;Pernambuco;-37.449;-8.8005;190;212;181;202;180;161;144;160;190;201;221;217;213
38660;Pernambuco;-37.349;-8.8005;187;212;185;200;178;156;139;153;180;194;218;218;211
38661;Pernambuco;-37.249;-8.8005;182;209;182;200;174;149;133;141;166;187;212;216;212
38662;Pernambuco;-37.149;-8.8005;183;211;184;200;177;151;134;147;168;184;210;215;214
38663;Pernambuco;-37.049;-8.8005;182;205;181;198;177;149;136;146;173;187;208;213;212
38664;Pernambuco;-36.949;-8.8005;181;205;180;196;177;148;133;144;172;188;208;211;210
38665;Pernambuco;-36.849;-8.8005;178;206;177;192;174;148;129;139;164;185;206;210;209
38666;Pernambuco;-36.749;-8.8005;183;211;179;193;176;149;132;145;179;194;214;217;213
38667;Pernambuco;-36.649;-8.8005;192;218;189;204;181;158;141;154;188;199;220;224;224
38668;Pernambuco;-36.549;-8.8005;181;207;179;200;172;146;135;137;168;187;210;216;215
38669;Pernambuco;-36.449;-8.8005;184;211;182;200;174;149;133;143;180;189;212;220;214
38670;Pernambuco;-36.349;-8.8005;181;203;179;196;172;150;134;142;177;188;205;214;207
38671;Pernambuco;-36.249;-8.8005;179;203;179;193;172;150;136;142;168;185;205;209;207
38672;Pernambuco;-36.149;-8.8005;173;200;175;191;167;144;129;134;155;173;196;207;207
38673;Pernambuco;-36.049;-8.8005;168;195;172;191;166;141;122;126;147;164;190;203;203
38674;Pernambuco;-35.949;-8.8005;167;192;175;191;168;141;121;125;147;160;185;199;201
38675;Pernambuco;-35.849;-8.8005;161;185;167;183;161;138;120;121;138;156;179;190;193
38676;Pernambuco;-35.749;-8.8005;170;194;175;190;165;143;129;132;154;168;189;198;197
38677;Pernambuco;-35.649;-8.8005;166;188;167;186;161;140;128;131;149;166;182;195;194
38678;Pernambuco;-35.549;-8.8005;170;192;172;190;164;144;130;135;153;168;189;202;199
38679;Pernambuco;-35.449;-8.8005;169;190;172;189;164;146;131;135;152;168;188;200;197
38680;Pernambuco;-35.349;-8.8005;170;194;175;193;167;146;129;134;150;167;189;199;199
38681;Pernambuco;-35.249;-8.8005;174;199;180;199;170;149;132;138;153;172;195;203;202
38682;Pernambuco;-35.149;-8.8005;182;204;187;204;178;155;138;147;166;181;205;212;208
38683;Pernambuco;-35.049;-8.8005;180;205;185;205;177;153;134;142;160;178;205;210;208
39004;Pernambuco;-41.349;-8.7005;186;197;166;179;167;164;158;171;201;209;219;199;195
39005;Pernambuco;-41.249;-8.7005;186;201;169;185;169;162;154;169;200;209;221;201;197
39006;Pernambuco;-41.149;-8.7005;184;200;169;186;167;159;151;165;195;205;218;200;197
39007;Pernambuco;-41.049;-8.7005;184;200;168;186;167;159;150;164;194;205;219;200;197
39008;Pernambuco;-40.949;-8.7005;183;200;166;186;168;157;147;163;192;201;217;198;197
39009;Pernambuco;-40.849;-8.7005;183;200;167;188;168;158;147;162;193;203;217;199;197
39010;Pernambuco;-40.749;-8.7005;181;197;167;184;164;155;145;158;189;201;215;196;194
39011;Pernambuco;-40.649;-8.7005;180;196;165;184;164;152;144;157;189;200;215;197;193
39012;Pernambuco;-40.549;-8.7005;182;200;168;187;168;158;145;158;191;199;215;199;197
39013;Pernambuco;-40.449;-8.7005;180;197;166;183;167;156;144;155;187;198;213;198;194
39014;Pernambuco;-40.349;-8.7005;181;200;168;186;167;153;144;157;186;197;214;202;197
39015;Pernambuco;-40.249;-8.7005;179;198;166;185;166;150;140;152;183;194;213;200;196
39016;Pernambuco;-40.149;-8.7005;178;195;165;182;166;152;141;152;181;194;212;199;193
39017;Pernambuco;-40.049;-8.7005;179;199;168;187;166;152;142;152;180;194;213;204;197
39018;Pernambuco;-39.949;-8.7005;178;197;168;187;165;147;138;147;180;194;213;204;197
39019;Pernambuco;-39.849;-8.7005;180;199;170;189;169;151;141;152;181;194;213;205;199
39020;Pernambuco;-39.749;-8.7005;182;201;171;193;170;151;140;153;184;195;214;209;205
39021;Pernambuco;-39.649;-8.7005;182;201;169;189;168;152;142;156;182;194;212;210;206
39022;Pernambuco;-39.549;-8.7005;182;200;172;191;170;150;139;154;181;194;215;211;204
39025;Pernambuco;-39.249;-8.7005;189;212;181;204;178;157;144;156;185;198;220;221;215
39026;Pernambuco;-39.149;-8.7005;194;216;188;209;183;163;149;163;186;203;226;222;217
39027;Pernambuco;-39.049;-8.7005;193;217;188;207;184;163;149;161;188;200;225;221;215
39028;Pernambuco;-38.949;-8.7005;197;219;188;209;186;166;152;169;199;207;227;222;217
39029;Pernambuco;-38.849;-8.7005;198;219;188;210;185;170;158;173;202;205;229;224;218
39030;Pernambuco;-38.749;-8.7005;197;219;189;210;187;165;155;166;194;204;228;224;219
39031;Pernambuco;-38.649;-8.7005;194;218;186;207;183;163;151;165;191;203;224;220;217
39032;Pernambuco;-38.549;-8.7005;190;214;183;202;180;159;146;158;183;197;222;218;213
39033;Pernambuco;-38.449;-8.7005;187;212;179;201;178;155;141;153;179;195;220;217;214
39034;Pernambuco;-38.349;-8.7005;186;210;178;203;176;151;138;153;178;194;219;214;213
39035;Pernambuco;-38.249;-8.7005;184;208;174;198;173;152;141;154;180;195;215;212;208
39036;Pernambuco;-38.149;-8.7005;182;205;173;194;173;150;138;154;179;194;214;209;206
39037;Pernambuco;-38.049;-8.7005;184;207;178;198;176;154;140;153;178;193;216;208;206
39038;Pernambuco;-37.949;-8.7005;183;207;182;200;175;151;136;148;175;193;214;211;207
39039;Pernambuco;-37.849;-8.7005;186;209;180;201;176;155;142;155;178;195;215;214;209
39040;Pernambuco;-37.749;-8.7005;185;210;184;201;178;151;136;150;175;193;216;216;213
39041;Pernambuco;-37.649;-8.7005;189;213;184;201;178;154;141;157;188;199;221;216;215
39042;Pernambuco;-37.549;-8.7005;187;212;184;200;178;153;134;151;183;197;221;215;212
39043;Pernambuco;-37.449;-8.7005;182;204;177;191;173;152;136;152;175;193;215;208;205
39044;Pernambuco;-37.349;-8.7005;187;212;183;200;177;157;142;155;182;196;217;216;212
39045;Pernambuco;-37.249;-8.7005;182;209;187;202;174;148;129;142;163;188;213;215;213
39046;Pernambuco;-37.149;-8.7005;179;204;183;198;172;145;128;141;163;184;209;215;211
39047;Pernambuco;-37.049;-8.7005;181;206;179;202;175;148;131;141;166;185;210;213;213
39048;Pernambuco;-36.949;-8.7005;179;204;179;198;173;146;129;139;170;186;208;210;211
39049;Pernambuco;-36.849;-8.7005;179;205;176;193;173;149;130;141;165;186;208;213;210
39050;Pernambuco;-36.749;-8.7005;179;207;177;191;171;147;129;141;167;187;207;214;212
39051;Pernambuco;-36.649;-8.7005;184;211;180;198;177;153;135;148;172;188;209;218;214
39052;Pernambuco;-36.549;-8.7005;185;211;184;201;178;154;137;147;172;193;214;220;213
39053;Pernambuco;-36.449;-8.7005;184;210;181;197;172;150;132;155;168;191;213;219;215
39054;Pernambuco;-36.349;-8.7005;181;206;180;195;173;151;135;145;170;188;205;214;209
39055;Pernambuco;-36.249;-8.7005;178;203;179;194;171;150;132;141;164;184;203;210;207
39056;Pernambuco;-36.149;-8.7005;179;200;173;189;171;152;135;143;168;186;206;213;207
39057;Pernambuco;-36.049;-8.7005;178;200;176;193;170;151;136;140;170;180;202;210;207
39058;Pernambuco;-35.949;-8.7005;172;197;174;190;168;145;130;134;159;171;194;201;203
39059;Pernambuco;-35.849;-8.7005;168;192;174;188;167;144;127;132;149;162;184;196;199
39060;Pernambuco;-35.749;-8.7005;165;188;171;190;164;142;125;127;145;162;182;191;195
39061;Pernambuco;-35.649;-8.7005;165;187;169;188;163;142;127;128;148;164;182;193;195
39062;Pernambuco;-35.549;-8.7005;169;193;172;188;164;143;128;133;150;170;188;199;199
39063;Pernambuco;-35.449;-8.7005;169;191;171;189;164;145;129;136;153;168;191;197;198
39064;Pernambuco;-35.349;-8.7005;171;193;175;191;166;147;131;137;153;168;190;197;198
39065;Pernambuco;-35.249;-8.7005;175;198;179;197;170;150;133;140;157;173;194;203;203
39066;Pernambuco;-35.149;-8.7005;177;197;180;202;175;151;134;143;162;175;198;207;203
39067;Pernambuco;-35.049;-8.7005;182;208;186;206;178;156;137;144;165;180;206;212;211
39389;Pernambuco;-41.249;-8.6005;188;201;170;184;171;166;158;173;202;210;221;200;197
39390;Pernambuco;-41.149;-8.6005;186;199;168;183;169;164;157;171;202;209;222;199;194
39391;Pernambuco;-41.049;-8.6005;185;200;168;184;167;161;152;167;198;207;220;200;196
39392;Pernambuco;-40.949;-8.6005;184;199;167;183;166;160;149;164;196;205;219;202;197
39393;Pernambuco;-40.849;-8.6005;182;198;167;184;165;156;145;161;193;202;217;201;197
39394;Pernambuco;-40.749;-8.6005;183;199;168;187;167;157;146;161;195;201;217;202;199
39395;Pernambuco;-40.649;-8.6005;181;194;165;184;163;152;146;162;191;200;216;199;194
39396;Pernambuco;-40.549;-8.6005;179;195;165;182;164;153;143;156;188;198;214;201;195
39397;Pernambuco;-40.449;-8.6005;180;196;164;184;166;155;143;155;187;197;215;202;196
39398;Pernambuco;-40.349;-8.6005;182;198;167;187;169;156;145;157;187;199;216;204;197
39399;Pernambuco;-40.249;-8.6005;180;197;167;184;166;151;141;154;185;195;214;202;198
39400;Pernambuco;-40.149;-8.6005;179;197;166;182;166;152;142;152;184;196;213;199;196
39401;Pernambuco;-40.049;-8.6005;177;195;166;183;165;150;141;151;181;193;211;198;195
39402;Pernambuco;-39.949;-8.6005;178;196;166;186;167;150;139;150;181;192;211;202;197
39403;Pernambuco;-39.849;-8.6005;181;201;169;191;171;152;141;152;182;193;214;205;200
39404;Pernambuco;-39.749;-8.6005;182;201;169;192;171;155;142;155;183;193;215;207;203
39405;Pernambuco;-39.649;-8.6005;185;205;172;196;174;157;144;156;184;197;217;212;205
39406;Pernambuco;-39.549;-8.6005;186;206;178;199;174;155;142;154;184;194;218;215;209
39407;Pernambuco;-39.449;-8.6005;183;204;173;196;172;151;141;151;180;193;216;213;209
39408;Pernambuco;-39.349;-8.6005;190;208;180;201;178;161;148;160;189;199;222;218;212
39409;Pernambuco;-39.249;-8.6005;187;209;178;200;176;156;145;156;182;195;219;214;209
39410;Pernambuco;-39.149;-8.6005;188;208;176;199;177;161;146;162;187;199;219;214;208
39411;Pernambuco;-39.049;-8.6005;190;209;179;200;178;160;150;163;188;200;222;217;210
39412;Pernambuco;-38.949;-8.6005;189;209;177;201;177;160;148;159;187;198;221;216;212
39413;Pernambuco;-38.849;-8.6005;188;210;178;200;178;157;145;157;183;198;220;217;212
39414;Pernambuco;-38.749;-8.6005;188;210;179;201;178;156;143;157;184;198;221;218;212
39415;Pernambuco;-38.649;-8.6005;187;212;181;203;178;155;140;154;180;196;219;217;214
39416;Pernambuco;-38.549;-8.6005;187;211;181;202;178;154;137;152;179;199;219;219;214
39417;Pernambuco;-38.449;-8.6005;186;208;178;201;177;155;138;155;181;197;218;215;212
39418;Pernambuco;-38.349;-8.6005;187;210;178;201;178;155;139;154;182;198;217;216;212
39419;Pernambuco;-38.249;-8.6005;185;207;175;199;176;152;138;152;182;198;215;214;209
39420;Pernambuco;-38.149;-8.6005;183;203;174;197;172;151;138;155;181;196;212;210;207
39421;Pernambuco;-38.049;-8.6005;185;204;177;197;176;153;138;155;184;198;216;211;208
39422;Pernambuco;-37.949;-8.6005;188;209;183;199;176;155;146;156;189;203;221;215;210
39423;Pernambuco;-37.849;-8.6005;189;208;182;201;179;159;148;163;188;203;218;215;210
39424;Pernambuco;-37.749;-8.6005;186;207;180;200;176;157;142;157;179;196;218;214;209
39425;Pernambuco;-37.649;-8.6005;186;209;180;200;175;155;141;153;178;194;217;215;210
39426;Pernambuco;-37.549;-8.6005;185;208;180;197;176;152;139;156;180;196;217;214;208
39427;Pernambuco;-37.449;-8.6005;182;204;177;192;170;153;138;152;178;197;214;207;204
39428;Pernambuco;-37.349;-8.6005;185;206;178;192;175;154;140;154;185;197;215;212;208
39429;Pernambuco;-37.249;-8.6005;187;209;181;201;177;158;143;155;179;196;216;216;211
39430;Pernambuco;-37.149;-8.6005;187;211;185;203;178;156;139;152;177;194;217;218;214
39431;Pernambuco;-37.049;-8.6005;184;212;186;204;177;151;132;144;172;188;215;217;214
39432;Pernambuco;-36.949;-8.6005;180;205;179;197;175;149;129;139;167;186;208;213;211
39433;Pernambuco;-36.849;-8.6005;179;206;178;195;175;145;128;136;163;185;208;215;212
39434;Pernambuco;-36.749;-8.6005;180;207;178;193;173;145;126;137;171;191;209;217;214
39435;Pernambuco;-36.649;-8.6005;180;206;180;198;174;146;128;139;171;185;208;215;214
39436;Pernambuco;-36.549;-8.6005;179;204;179;199;175;147;130;139;166;182;205;214;209
39437;Pernambuco;-36.449;-8.6005;183;208;183;202;178;153;136;144;172;184;207;215;213
39438;Pernambuco;-36.349;-8.6005;179;205;180;195;175;153;134;142;166;178;202;213;209
39439;Pernambuco;-36.249;-8.6005;177;201;180;196;171;150;132;139;165;177;199;212;206
39440;Pernambuco;-36.149;-8.6005;175;199;177;195;169;149;133;139;157;174;197;210;205
39441;Pernambuco;-36.049;-8.6005;176;203;182;198;171;146;131;135;157;174;197;209;206
39442;Pernambuco;-35.949;-8.6005;175;201;180;199;174;148;131;135;156;172;196;204;204
39443;Pernambuco;-35.849;-8.6005;174;198;178;196;172;151;134;135;158;171;192;204;203
39444;Pernambuco;-35.749;-8.6005;165;191;173;191;167;141;121;126;141;157;182;196;198
39445;Pernambuco;-35.649;-8.6005;161;185;168;185;161;139;120;123;138;156;177;189;193
39446;Pernambuco;-35.549;-8.6005;164;187;167;184;162;140;125;125;143;162;183;192;194
39447;Pernambuco;-35.449;-8.6005;162;185;166;184;160;139;123;129;144;158;181;190;190
39448;Pernambuco;-35.349;-8.6005;170;193;176;191;166;144;130;135;154;168;191;197;197
39449;Pernambuco;-35.249;-8.6005;170;195;178;194;169;145;127;134;153;166;189;195;196
39450;Pernambuco;-35.149;-8.6005;176;197;181;201;175;151;132;142;159;174;194;203;199
39451;Pernambuco;-35.049;-8.6005;183;206;187;206;179;157;137;146;167;183;206;212;210
39776;Pernambuco;-41.149;-8.5005;187;201;168;184;169;163;157;172;202;210;221;200;197
39777;Pernambuco;-41.049;-8.5005;187;200;170;184;170;163;155;170;200;209;223;200;198
39778;Pernambuco;-40.949;-8.5005;187;202;169;187;170;161;154;168;201;209;222;204;200
39779;Pernambuco;-40.849;-8.5005;183;198;168;183;166;156;149;163;194;203;220;202;198
39780;Pernambuco;-40.749;-8.5005;183;198;166;186;167;157;146;160;194;202;218;203;196
39781;Pernambuco;-40.649;-8.5005;180;196;165;182;165;153;144;158;191;199;215;198;196
39782;Pernambuco;-40.549;-8.5005;182;198;166;185;166;154;144;159;191;200;216;203;196
39783;Pernambuco;-40.449;-8.5005;181;198;166;184;165;152;143;156;189;197;215;203;199
39784;Pernambuco;-40.349;-8.5005;181;198;167;187;168;154;144;155;188;197;216;204;200
39785;Pernambuco;-40.249;-8.5005;181;198;167;185;167;154;142;155;186;197;215;203;199
39786;Pernambuco;-40.149;-8.5005;179;197;165;180;165;151;142;154;185;196;213;200;197
39787;Pernambuco;-40.049;-8.5005;177;196;164;180;161;149;138;148;182;195;211;200;195
39788;Pernambuco;-39.949;-8.5005;178;197;166;184;165;151;140;149;180;193;212;203;198
39789;Pernambuco;-39.849;-8.5005;181;201;169;190;171;154;140;152;182;193;216;207;202
39790;Pernambuco;-39.749;-8.5005;181;201;171;192;170;153;138;149;179;192;215;209;203
39791;Pernambuco;-39.649;-8.5005;183;202;173;195;172;155;142;155;183;195;217;209;201
39792;Pernambuco;-39.549;-8.5005;182;202;172;195;171;152;142;151;181;194;216;209;204
39793;Pernambuco;-39.449;-8.5005;189;209;181;202;178;158;146;160;190;199;222;216;211
39794;Pernambuco;-39.349;-8.5005;188;207;177;200;176;159;148;161;190;197;222;213;206
39795;Pernambuco;-39.249;-8.5005;185;205;175;197;174;156;144;156;182;196;218;212;206
39796;Pernambuco;-39.149;-8.5005;184;204;173;191;173;156;145;156;182;199;216;210;203
39797;Pernambuco;-39.049;-8.5005;186;207;175;196;174;158;145;156;185;198;221;213;206
39798;Pernambuco;-38.949;-8.5005;186;208;176;198;174;155;143;155;182;198;220;214;210
39799;Pernambuco;-38.849;-8.5005;187;210;178;200;177;156;142;155;182;198;220;215;211
39800;Pernambuco;-38.749;-8.5005;180;202;172;192;168;149;133;146;172;192;215;210;206
39801;Pernambuco;-38.649;-8.5005;182;206;178;196;174;147;132;147;174;192;217;214;209
39802;Pernambuco;-38.549;-8.5005;183;205;178;197;175;149;136;150;178;194;216;213;210
39803;Pernambuco;-38.449;-8.5005;182;204;174;194;172;151;136;152;178;196;216;210;207
39804;Pernambuco;-38.349;-8.5005;184;204;176;196;175;153;138;154;178;197;215;213;207
39805;Pernambuco;-38.249;-8.5005;185;207;177;200;175;153;138;153;178;196;215;214;209
39806;Pernambuco;-38.149;-8.5005;184;206;176;199;176;151;137;150;177;195;213;214;211
39807;Pernambuco;-38.049;-8.5005;184;205;176;196;174;150;138;153;181;194;214;213;209
39808;Pernambuco;-37.949;-8.5005;187;206;182;199;177;154;141;158;184;197;216;216;210
39809;Pernambuco;-37.849;-8.5005;186;206;182;200;178;157;140;155;179;197;217;216;210
39810;Pernambuco;-37.749;-8.5005;189;210;186;205;181;160;141;155;181;197;221;220;212
39811;Pernambuco;-37.649;-8.5005;188;211;183;201;179;158;144;158;182;198;221;214;210
39812;Pernambuco;-37.549;-8.5005;187;209;184;199;180;159;140;157;181;198;218;214;211
39813;Pernambuco;-37.449;-8.5005;180;199;174;186;168;151;135;152;181;192;209;205;202
39814;Pernambuco;-37.349;-8.5005;182;200;175;188;171;154;139;154;182;196;210;205;204
39815;Pernambuco;-37.249;-8.5005;187;209;179;197;175;157;144;158;185;199;217;213;210
39816;Pernambuco;-37.149;-8.5005;188;208;182;200;180;159;143;157;187;200;217;212;209
39817;Pernambuco;-37.049;-8.5005;184;208;184;201;178;154;135;145;174;191;215;212;211
39818;Pernambuco;-36.949;-8.5005;181;207;183;201;177;148;128;137;165;186;212;213;212
39819;Pernambuco;-36.849;-8.5005;177;202;179;193;172;146;127;132;158;180;206;215;210
39820;Pernambuco;-36.749;-8.5005;179;206;176;198;174;145;124;135;162;186;210;217;212
39821;Pernambuco;-36.649;-8.5005;187;213;184;205;181;155;141;152;177;191;211;220;217
39822;Pernambuco;-36.549;-8.5005;180;206;181;197;175;149;132;143;168;182;206;213;211
39823;Pernambuco;-36.449;-8.5005;180;206;182;199;178;153;132;139;165;175;204;213;211
39824;Pernambuco;-36.349;-8.5005;181;205;181;198;175;150;131;142;168;182;209;215;212
39825;Pernambuco;-36.249;-8.5005;180;206;181;201;179;151;133;139;161;178;203;213;211
39826;Pernambuco;-36.149;-8.5005;178;203;184;201;174;150;134;139;157;173;200;209;208
39827;Pernambuco;-36.049;-8.5005;177;203;182;198;173;148;132;137;161;174;197;207;206
39828;Pernambuco;-35.949;-8.5005;177;203;181;196;175;150;133;139;162;176;196;205;203
39829;Pernambuco;-35.849;-8.5005;178;202;182;196;173;153;136;141;164;178;199;205;204
39830;Pernambuco;-35.749;-8.5005;170;197;174;190;166;144;128;130;151;167;186;201;201
39831;Pernambuco;-35.649;-8.5005;166;192;171;187;164;141;121;127;146;161;185;198;198
39832;Pernambuco;-35.549;-8.5005;162;182;166;185;162;140;119;124;141;158;181;192;192
39833;Pernambuco;-35.449;-8.5005;159;181;164;182;159;139;120;126;144;153;176;184;184
39834;Pernambuco;-35.349;-8.5005;169;191;173;189;166;145;129;134;150;167;190;197;195
39835;Pernambuco;-35.249;-8.5005;170;194;177;194;168;146;129;134;154;168;187;195;195
39836;Pernambuco;-35.149;-8.5005;172;195;178;200;169;151;131;137;153;169;190;197;193
39837;Pernambuco;-35.049;-8.5005;179;198;179;202;175;156;136;147;163;177;200;207;202
39838;Pernambuco;-34.949;-8.5005;181;205;185;206;178;155;134;146;164;180;205;207;208
40164;Pernambuco;-41.049;-8.4005;187;197;168;185;169;165;159;174;202;209;221;202;198
40165;Pernambuco;-40.949;-8.4005;187;198;168;185;170;165;158;172;202;210;220;201;198
40166;Pernambuco;-40.849;-8.4005;186;198;167;184;170;163;155;169;202;209;221;201;198
40167;Pernambuco;-40.749;-8.4005;183;197;166;183;165;156;148;161;196;202;218;202;197
40168;Pernambuco;-40.649;-8.4005;182;198;164;182;163;156;146;160;193;201;217;203;198
40169;Pernambuco;-40.549;-8.4005;180;197;163;181;164;153;145;157;190;199;215;202;196
40170;Pernambuco;-40.449;-8.4005;180;197;164;181;164;153;143;157;189;198;214;201;197
40171;Pernambuco;-40.349;-8.4005;180;198;166;183;164;153;143;155;187;196;215;204;198
40172;Pernambuco;-40.249;-8.4005;179;197;165;182;162;149;140;153;185;195;214;203;198
40173;Pernambuco;-40.149;-8.4005;178;197;165;182;163;150;140;152;182;194;215;204;198
40174;Pernambuco;-40.049;-8.4005;181;200;170;188;166;153;142;154;185;196;215;205;202
40175;Pernambuco;-39.949;-8.4005;181;199;168;190;167;154;143;152;182;195;217;206;201
40176;Pernambuco;-39.849;-8.4005;183;201;170;192;170;154;144;153;186;196;217;207;202
40177;Pernambuco;-39.749;-8.4005;182;200;169;191;169;154;145;155;185;195;216;205;200
40178;Pernambuco;-39.649;-8.4005;180;196;167;188;167;152;140;153;181;195;214;203;199
40179;Pernambuco;-39.549;-8.4005;183;202;169;193;170;155;144;155;184;196;217;208;203
40180;Pernambuco;-39.449;-8.4005;183;202;171;193;171;155;143;152;182;193;217;210;205
40181;Pernambuco;-39.349;-8.4005;182;200;171;189;168;153;143;153;182;197;216;209;202
40182;Pernambuco;-39.249;-8.4005;183;201;169;189;170;155;145;157;184;197;217;208;200
40183;Pernambuco;-39.149;-8.4005;184;203;171;188;171;158;146;158;185;199;217;211;204
40184;Pernambuco;-39.049;-8.4005;184;203;170;190;172;155;143;155;184;197;216;211;205
40185;Pernambuco;-38.949;-8.4005;187;207;175;194;175;160;146;159;188;200;222;214;207
40186;Pernambuco;-38.849;-8.4005;185;206;177;197;173;153;138;155;184;198;218;214;210
40187;Pernambuco;-38.749;-8.4005;185;205;176;194;172;152;139;155;183;198;219;214;209
40188;Pernambuco;-38.649;-8.4005;185;206;177;196;174;153;139;154;181;196;217;215;211
40189;Pernambuco;-38.549;-8.4005;187;209;179;199;176;154;141;156;183;198;219;216;213
40190;Pernambuco;-38.449;-8.4005;186;209;178;199;174;154;139;154;182;198;218;217;210
40191;Pernambuco;-38.349;-8.4005;186;205;178;197;174;154;139;155;183;198;218;215;211
40192;Pernambuco;-38.249;-8.4005;183;202;174;194;175;152;137;152;179;197;213;214;206
40193;Pernambuco;-38.149;-8.4005;188;207;181;201;178;157;140;157;183;201;219;216;213
40194;Pernambuco;-38.049;-8.4005;186;206;178;199;176;155;138;154;179;198;217;217;211
40195;Pernambuco;-37.949;-8.4005;185;206;177;198;176;154;139;153;182;197;216;214;209
40196;Pernambuco;-37.849;-8.4005;188;206;181;203;181;158;140;157;182;200;220;217;211
40197;Pernambuco;-37.749;-8.4005;190;208;183;203;182;159;143;161;187;200;220;218;211
40198;Pernambuco;-37.649;-8.4005;186;204;181;200;178;157;137;154;181;196;217;215;208
40199;Pernambuco;-37.549;-8.4005;185;203;182;199;177;155;136;153;179;194;217;214;208
40200;Pernambuco;-37.449;-8.4005;181;201;176;195;170;149;135;149;176;194;215;212;205
40201;Pernambuco;-37.349;-8.4005;185;206;181;195;175;153;136;149;181;200;217;216;208
40202;Pernambuco;-37.249;-8.4005;186;208;181;200;179;156;140;155;183;197;215;212;206
40203;Pernambuco;-37.149;-8.4005;186;208;181;197;179;157;140;154;185;197;215;210;208
40204;Pernambuco;-37.049;-8.4005;184;203;177;196;177;157;139;152;184;197;214;209;208
40205;Pernambuco;-36.949;-8.4005;182;202;177;196;176;154;135;148;178;191;211;210;207
40206;Pernambuco;-36.849;-8.4005;180;203;177;200;175;150;129;139;168;184;210;212;207
40207;Pernambuco;-36.749;-8.4005;177;204;177;199;174;146;123;135;159;179;206;214;210
40208;Pernambuco;-36.649;-8.4005;178;203;179;201;176;146;126;134;160;179;204;212;212
40209;Pernambuco;-36.549;-8.4005;180;205;180;199;177;149;129;141;163;182;206;213;212
40210;Pernambuco;-36.449;-8.4005;178;205;179;196;173;149;128;140;163;178;203;211;210
40211;Pernambuco;-36.349;-8.4005;180;206;181;196;175;154;133;142;165;181;206;210;210
40212;Pernambuco;-36.249;-8.4005;180;204;182;198;175;156;134;141;164;182;207;209;208
40213;Pernambuco;-36.149;-8.4005;179;204;181;194;173;153;136;140;167;182;203;208;207
40214;Pernambuco;-36.049;-8.4005;178;204;183;196;173;154;133;139;165;178;202;208;207
40215;Pernambuco;-35.949;-8.4005;164;185;167;183;163;142;122;122;147;164;187;193;191
40216;Pernambuco;-35.849;-8.4005;169;191;170;187;166;144;127;131;156;170;192;199;198
40217;Pernambuco;-35.749;-8.4005;171;194;174;191;166;146;128;132;153;171;195;203;200
40218;Pernambuco;-35.649;-8.4005;167;191;171;188;167;143;122;130;148;164;187;196;195
40219;Pernambuco;-35.549;-8.4005;162;186;167;185;161;139;120;126;139;158;180;192;193
40220;Pernambuco;-35.449;-8.4005;161;185;167;186;160;139;120;124;142;156;181;189;188
40221;Pernambuco;-35.349;-8.4005;161;182;165;185;159;141;119;128;140;156;179;189;189
40222;Pernambuco;-35.249;-8.4005;171;194;176;194;168;149;127;137;150;171;192;200;196
40223;Pernambuco;-35.149;-8.4005;170;192;176;195;167;149;131;136;152;168;187;195;192
40224;Pernambuco;-35.049;-8.4005;169;189;175;196;169;148;128;136;151;164;186;194;192
40225;Pernambuco;-34.949;-8.4005;179;201;183;202;176;154;134;143;161;179;203;206;204
40553;Pernambuco;-40.849;-8.3005;186;196;164;182;168;163;156;169;201;209;220;201;198
40554;Pernambuco;-40.749;-8.3005;184;197;164;182;166;157;151;165;199;206;219;202;197
40555;Pernambuco;-40.649;-8.3005;183;196;165;183;168;157;148;162;195;203;219;202;195
40556;Pernambuco;-40.549;-8.3005;180;196;163;180;166;152;145;158;192;199;214;201;195
40557;Pernambuco;-40.449;-8.3005;181;198;167;184;165;153;144;158;189;199;216;203;197
40558;Pernambuco;-40.349;-8.3005;178;196;165;183;164;150;141;154;183;196;213;202;196
40559;Pernambuco;-40.249;-8.3005;178;197;165;185;162;150;142;152;184;195;213;200;193
40560;Pernambuco;-40.149;-8.3005;179;196;164;183;163;151;143;153;186;197;214;203;195
40561;Pernambuco;-40.049;-8.3005;180;195;166;187;164;152;144;154;185;195;213;203;197
40562;Pernambuco;-39.949;-8.3005;181;198;168;189;167;152;142;154;185;195;215;202;200
40563;Pernambuco;-39.849;-8.3005;181;199;169;190;168;152;142;153;184;195;217;205;201
40564;Pernambuco;-39.749;-8.3005;180;196;165;188;167;153;142;155;183;194;214;203;198
40565;Pernambuco;-39.649;-8.3005;181;197;166;187;167;155;143;155;186;197;217;203;198
40566;Pernambuco;-39.549;-8.3005;181;198;165;189;169;153;143;154;182;195;216;204;199
40567;Pernambuco;-39.449;-8.3005;183;200;170;189;169;154;143;155;182;197;218;208;203
40568;Pernambuco;-39.349;-8.3005;183;202;169;190;170;155;144;155;183;197;218;209;204
40569;Pernambuco;-39.249;-8.3005;183;201;170;187;170;158;147;156;187;197;218;208;201
40570;Pernambuco;-39.149;-8.3005;183;201;170;190;172;158;141;155;186;198;218;207;201
40571;Pernambuco;-39.049;-8.3005;184;201;170;189;171;157;144;158;186;199;218;208;202
40572;Pernambuco;-38.949;-8.3005;185;203;175;193;173;157;142;156;185;200;219;210;203
40573;Pernambuco;-38.849;-8.3005;186;204;174;193;173;157;143;157;187;201;221;214;207
40574;Pernambuco;-38.749;-8.3005;182;203;176;196;172;150;133;149;177;194;217;214;208
40575;Pernambuco;-38.649;-8.3005;184;203;175;196;175;153;139;152;181;196;216;213;209
40576;Pernambuco;-38.549;-8.3005;186;206;178;199;178;155;140;153;182;196;219;215;211
40577;Pernambuco;-38.449;-8.3005;186;208;179;201;177;155;141;154;183;197;217;215;210
40578;Pernambuco;-38.349;-8.3005;186;205;178;199;174;154;141;156;183;198;218;215;209
40579;Pernambuco;-38.249;-8.3005;186;205;179;198;177;156;140;157;183;199;216;212;208
40580;Pernambuco;-38.149;-8.3005;186;206;178;199;178;155;139;154;184;197;218;216;210
40581;Pernambuco;-38.049;-8.3005;188;209;182;202;179;155;138;155;184;198;218;218;212
40582;Pernambuco;-37.949;-8.3005;185;204;178;198;176;155;137;155;183;198;217;215;208
40583;Pernambuco;-37.849;-8.3005;186;204;181;200;178;155;137;153;180;198;219;216;210
40584;Pernambuco;-37.749;-8.3005;186;206;181;200;178;156;139;156;183;197;219;215;207
40585;Pernambuco;-37.649;-8.3005;185;204;182;200;176;156;139;152;180;196;216;216;207
40586;Pernambuco;-37.549;-8.3005;184;203;181;200;176;155;138;150;178;196;215;215;206
40587;Pernambuco;-37.449;-8.3005;182;202;179;196;176;152;134;148;175;193;215;211;204
40588;Pernambuco;-37.349;-8.3005;185;204;179;196;178;155;139;151;182;197;217;211;207
40589;Pernambuco;-37.249;-8.3005;186;206;179;198;180;155;139;155;182;198;218;213;209
40590;Pernambuco;-37.149;-8.3005;185;201;177;193;176;155;139;156;190;201;216;211;208
40591;Pernambuco;-37.049;-8.3005;184;202;173;193;172;157;138;159;187;199;214;211;205
40592;Pernambuco;-36.949;-8.3005;185;202;176;193;176;160;143;157;186;197;213;209;203
40593;Pernambuco;-36.849;-8.3005;183;203;177;196;176;157;138;150;179;191;211;213;209
40594;Pernambuco;-36.749;-8.3005;183;204;178;198;177;153;135;146;176;194;214;214;211
40595;Pernambuco;-36.649;-8.3005;181;203;182;200;178;152;133;140;166;186;209;212;208
40596;Pernambuco;-36.549;-8.3005;179;201;179;199;175;150;128;139;164;185;209;210;210
40597;Pernambuco;-36.449;-8.3005;177;204;181;199;171;146;127;132;156;177;203;212;210
40598;Pernambuco;-36.349;-8.3005;169;195;170;188;166;144;124;130;151;168;193;199;198
40599;Pernambuco;-36.249;-8.3005;172;195;173;187;169;148;130;138;158;174;196;198;198
40600;Pernambuco;-36.149;-8.3005;175;199;176;193;171;153;131;135;157;176;197;206;204
40601;Pernambuco;-36.049;-8.3005;173;195;176;189;169;147;129;134;155;178;198;204;200
40602;Pernambuco;-35.949;-8.3005;175;193;174;186;169;151;134;139;170;183;201;202;195
40603;Pernambuco;-35.849;-8.3005;174;196;173;189;167;149;130;135;166;181;200;203;197
40604;Pernambuco;-35.749;-8.3005;178;198;177;191;171;155;136;147;171;182;203;203;197
40605;Pernambuco;-35.649;-8.3005;174;197;175;190;168;152;131;141;164;175;195;202;197
40606;Pernambuco;-35.549;-8.3005;164;185;170;186;162;145;123;128;147;164;184;189;189
40607;Pernambuco;-35.449;-8.3005;166;188;168;186;163;145;123;131;153;165;188;193;192
40608;Pernambuco;-35.349;-8.3005;164;184;168;185;164;146;123;127;146;160;180;191;190
40609;Pernambuco;-35.249;-8.3005;168;189;173;192;167;149;125;133;150;165;186;195;195
40610;Pernambuco;-35.149;-8.3005;169;190;174;194;167;147;127;136;153;167;189;196;192
40611;Pernambuco;-35.049;-8.3005;172;191;175;197;170;150;131;140;152;172;190;199;193
40612;Pernambuco;-34.949;-8.3005;182;202;185;205;176;159;139;148;169;181;206;213;205
40942;Pernambuco;-40.749;-8.2005;186;197;163;182;170;163;158;171;203;208;220;201;196
40943;Pernambuco;-40.649;-8.2005;186;197;164;184;169;163;156;170;202;208;220;201;196
40944;Pernambuco;-40.549;-8.2005;180;195;162;181;164;156;147;158;191;201;215;201;193
40945;Pernambuco;-40.449;-8.2005;180;196;162;181;164;155;146;157;191;200;215;200;193
40946;Pernambuco;-40.349;-8.2005;178;193;161;181;163;152;142;154;188;197;214;199;191
40947;Pernambuco;-40.249;-8.2005;179;195;162;184;163;153;142;155;187;196;215;203;193
40948;Pernambuco;-40.149;-8.2005;179;196;166;184;164;153;142;153;184;195;214;203;196
40949;Pernambuco;-40.049;-8.2005;180;197;167;187;165;152;143;153;184;196;215;205;199
40950;Pernambuco;-39.949;-8.2005;182;199;170;190;167;153;143;156;186;197;218;203;199
40951;Pernambuco;-39.849;-8.2005;178;194;164;186;166;150;141;153;184;194;214;201;195
40952;Pernambuco;-39.749;-8.2005;181;197;165;189;167;152;144;154;186;195;216;205;200
40953;Pernambuco;-39.649;-8.2005;182;199;165;188;170;153;145;154;186;196;216;207;200
40954;Pernambuco;-39.549;-8.2005;181;197;167;189;168;153;143;154;184;196;218;205;199
40955;Pernambuco;-39.449;-8.2005;184;202;170;193;172;156;144;159;187;198;220;210;204
40956;Pernambuco;-39.349;-8.2005;182;198;167;186;169;154;144;158;186;197;217;207;199
40957;Pernambuco;-39.249;-8.2005;183;197;165;187;170;157;146;161;186;200;219;206;200
40958;Pernambuco;-39.149;-8.2005;182;196;167;186;169;158;146;160;188;199;216;204;197
40959;Pernambuco;-39.049;-8.2005;181;194;166;184;169;157;146;161;188;200;214;203;196
40960;Pernambuco;-38.949;-8.2005;184;197;171;190;170;158;145;159;188;201;218;211;201
40961;Pernambuco;-38.849;-8.2005;189;206;177;201;179;162;145;162;190;202;220;217;211
40962;Pernambuco;-38.749;-8.2005;186;203;174;199;176;158;144;160;188;199;219;213;207
40963;Pernambuco;-38.649;-8.2005;188;204;179;202;179;158;144;158;186;200;218;215;211
40964;Pernambuco;-38.549;-8.2005;187;204;181;203;178;157;142;157;183;197;219;217;210
40965;Pernambuco;-38.449;-8.2005;187;205;180;200;176;156;140;156;183;200;218;215;210
40966;Pernambuco;-38.349;-8.2005;186;203;179;200;176;154;139;153;184;198;217;213;210
40967;Pernambuco;-38.249;-8.2005;188;205;184;205;179;158;142;157;185;198;218;217;212
40968;Pernambuco;-38.149;-8.2005;188;207;182;202;178;157;143;156;186;202;219;215;212
40969;Pernambuco;-38.049;-8.2005;185;203;178;198;173;156;142;154;183;199;216;214;208
40970;Pernambuco;-37.949;-8.2005;186;204;180;200;176;157;140;154;182;198;218;215;207
40971;Pernambuco;-37.849;-8.2005;189;209;184;203;182;160;144;159;185;200;220;217;212
40972;Pernambuco;-37.749;-8.2005;189;209;186;203;182;159;143;156;183;199;221;218;212
40973;Pernambuco;-37.649;-8.2005;188;206;183;203;182;157;141;155;181;197;219;217;211
40974;Pernambuco;-37.549;-8.2005;185;202;181;198;180;155;137;150;178;196;217;214;208
40975;Pernambuco;-37.449;-8.2005;182;199;176;195;176;152;136;147;181;195;216;211;205
40976;Pernambuco;-37.349;-8.2005;182;197;175;195;176;151;136;149;178;194;214;210;206
40977;Pernambuco;-37.249;-8.2005;183;198;174;192;175;154;137;154;181;195;215;211;208
40978;Pernambuco;-37.149;-8.2005;181;197;172;191;173;153;136;151;180;193;212;208;204
40979;Pernambuco;-37.049;-8.2005;183;200;174;196;173;153;137;150;181;195;214;211;209
40980;Pernambuco;-36.949;-8.2005;182;200;174;192;173;155;140;152;182;194;210;209;205
40981;Pernambuco;-36.849;-8.2005;183;203;174;192;174;157;142;152;179;196;213;208;206
40982;Pernambuco;-36.749;-8.2005;190;207;181;201;182;163;148;160;192;202;218;215;210
40983;Pernambuco;-36.649;-8.2005;181;204;180;201;176;150;132;140;171;188;210;214;210
40984;Pernambuco;-36.549;-8.2005;178;199;175;195;176;151;133;141;170;184;204;208;206
40985;Pernambuco;-36.449;-8.2005;182;204;181;196;174;157;139;145;175;190;209;211;209
40986;Pernambuco;-36.349;-8.2005;173;198;173;190;169;147;130;135;164;175;198;202;198
40987;Pernambuco;-36.249;-8.2005;170;190;168;181;165;146;129;138;163;173;193;196;193
40988;Pernambuco;-36.149;-8.2005;176;198;178;192;169;148;130;138;167;183;201;206;201
40989;Pernambuco;-36.049;-8.2005;174;194;174;187;170;150;134;141;172;181;196;199;196
40990;Pernambuco;-35.949;-8.2005;176;194;174;188;170;152;136;142;170;184;203;205;200
40991;Pernambuco;-35.849;-8.2005;170;188;168;183;165;149;136;138;164;176;192;196;192
40992;Pernambuco;-35.749;-8.2005;171;189;171;185;166;148;132;138;161;173;193;197;195
40993;Pernambuco;-35.649;-8.2005;169;186;167;179;165;151;135;141;162;176;189;191;188
40994;Pernambuco;-35.549;-8.2005;172;191;171;184;164;154;135;142;167;177;193;194;192
40995;Pernambuco;-35.449;-8.2005;177;198;177;190;169;157;139;145;168;182;199;199;198
40996;Pernambuco;-35.349;-8.2005;174;194;175;190;169;154;137;142;164;176;196;194;195
40997;Pernambuco;-35.249;-8.2005;172;193;174;192;169;153;133;140;159;172;190;197;196
40998;Pernambuco;-35.149;-8.2005;169;190;175;194;168;149;129;136;150;165;184;192;192
40999;Pernambuco;-35.049;-8.2005;172;194;178;197;170;152;131;138;154;170;189;197;196
41000;Pernambuco;-34.949;-8.2005;185;205;189;207;180;161;141;151;171;184;208;216;210
41332;Pernambuco;-40.649;-8.1005;184;197;164;185;166;158;152;165;200;206;217;200;195
41333;Pernambuco;-40.549;-8.1005;178;193;161;179;160;148;142;155;190;200;213;200;195
41334;Pernambuco;-40.449;-8.1005;180;195;162;182;161;152;144;155;189;198;213;205;197
41335;Pernambuco;-40.349;-8.1005;179;193;160;182;163;152;142;154;188;197;214;205;196
41336;Pernambuco;-40.249;-8.1005;179;194;162;183;164;150;140;153;187;196;215;204;196
41337;Pernambuco;-40.149;-8.1005;179;194;165;185;165;153;143;154;186;196;215;203;194
41338;Pernambuco;-40.049;-8.1005;180;194;167;186;165;154;144;155;186;196;215;202;194
41339;Pernambuco;-39.949;-8.1005;179;196;167;187;164;151;142;153;185;195;213;204;195
41340;Pernambuco;-39.849;-8.1005;178;193;163;184;163;146;141;153;189;194;213;200;195
41341;Pernambuco;-39.749;-8.1005;179;192;165;186;165;151;142;155;185;195;215;203;197
41342;Pernambuco;-39.649;-8.1005;181;196;165;189;166;152;142;155;185;195;217;205;199
41343;Pernambuco;-39.549;-8.1005;182;198;167;187;169;153;144;157;185;197;217;209;202
41344;Pernambuco;-39.449;-8.1005;184;199;170;190;171;156;146;159;189;197;218;208;202
41345;Pernambuco;-39.349;-8.1005;183;199;170;187;169;155;145;158;187;197;217;208;202
41346;Pernambuco;-39.249;-8.1005;183;196;167;187;170;156;146;160;189;199;218;208;201
41347;Pernambuco;-39.149;-8.1005;181;195;165;187;168;152;143;157;184;197;216;207;198
41348;Pernambuco;-39.049;-8.1005;182;198;168;188;169;156;144;159;185;198;214;209;200
41349;Pernambuco;-38.949;-8.1005;186;201;172;194;176;160;147;161;189;202;218;211;205
41350;Pernambuco;-38.849;-8.1005;187;206;176;199;175;159;145;160;187;200;219;215;208
41351;Pernambuco;-38.749;-8.1005;188;205;176;201;176;159;144;159;188;200;218;215;208
41352;Pernambuco;-38.649;-8.1005;188;206;178;201;178;159;144;156;187;201;219;216;211
41353;Pernambuco;-38.549;-8.1005;189;209;180;203;179;159;144;160;188;201;220;217;213
41354;Pernambuco;-38.449;-8.1005;187;205;179;201;176;157;141;155;185;200;217;215;209
41355;Pernambuco;-38.349;-8.1005;186;203;178;198;176;156;141;158;186;200;217;213;207
41356;Pernambuco;-38.249;-8.1005;187;205;181;201;177;156;142;156;186;200;217;213;210
41357;Pernambuco;-38.149;-8.1005;186;204;181;199;177;154;141;156;185;200;217;213;210
41358;Pernambuco;-38.049;-8.1005;187;205;180;200;177;157;140;155;185;199;219;216;211
41359;Pernambuco;-37.949;-8.1005;186;206;181;201;176;157;140;156;183;201;218;212;206
41360;Pernambuco;-37.849;-8.1005;187;206;182;201;177;157;141;158;187;202;220;212;207
41361;Pernambuco;-37.749;-8.1005;188;207;182;202;181;157;141;156;184;200;219;215;208
41362;Pernambuco;-37.649;-8.1005;187;206;180;202;181;155;139;154;182;196;219;217;209
41363;Pernambuco;-37.549;-8.1005;187;206;181;203;183;155;136;153;180;198;219;217;210
41364;Pernambuco;-37.449;-8.1005;186;204;179;200;178;156;138;150;181;198;219;214;210
41365;Pernambuco;-37.349;-8.1005;185;202;178;199;178;157;137;151;181;198;219;215;210
41366;Pernambuco;-37.249;-8.1005;183;200;177;195;175;153;137;149;180;193;217;215;211
41367;Pernambuco;-37.149;-8.1005;183;200;175;195;174;151;136;152;179;195;216;213;209
41372;Pernambuco;-36.649;-8.1005;187;206;181;199;181;160;144;153;184;196;215;217;211
41373;Pernambuco;-36.549;-8.1005;177;200;174;193;172;150;132;139;166;183;207;209;204
41374;Pernambuco;-36.449;-8.1005;176;199;176;195;174;147;130;135;163;180;202;207;206
41375;Pernambuco;-36.349;-8.1005;182;203;180;195;175;156;139;146;175;188;209;210;207
41376;Pernambuco;-36.249;-8.1005;178;199;176;193;171;152;135;141;176;182;205;204;202
41377;Pernambuco;-36.149;-8.1005;175;196;175;191;169;149;131;139;165;174;200;204;200
41378;Pernambuco;-36.049;-8.1005;177;198;179;192;171;151;130;139;166;179;202;206;205
41379;Pernambuco;-35.949;-8.1005;173;194;175;189;166;147;131;136;162;173;198;202;200
41380;Pernambuco;-35.849;-8.1005;175;195;176;193;171;152;135;139;165;176;196;202;203
41381;Pernambuco;-35.749;-8.1005;172;194;173;191;167;151;132;136;156;171;194;203;199
41382;Pernambuco;-35.649;-8.1005;168;188;168;184;165;149;129;136;155;168;191;194;193
41383;Pernambuco;-35.549;-8.1005;170;193;171;183;162;150;131;138;156;172;191;195;193
41384;Pernambuco;-35.449;-8.1005;176;196;178;193;172;156;136;143;165;178;196;199;199
41385;Pernambuco;-35.349;-8.1005;169;189;171;187;166;150;131;135;151;169;189;194;192
41386;Pernambuco;-35.249;-8.1005;170;192;173;191;168;149;129;137;154;171;191;196;195
41387;Pernambuco;-35.149;-8.1005;173;192;178;195;168;153;131;141;159;172;192;197;197
41388;Pernambuco;-35.049;-8.1005;174;195;178;196;169;152;132;140;160;173;194;201;197
41389;Pernambuco;-34.949;-8.1005;182;201;186;203;178;161;141;150;168;180;203;209;205
41390;Pernambuco;-34.849;-8.1005;182;204;187;205;178;158;136;145;165;181;206;211;207
41723;Pernambuco;-40.549;-8.0005;189;200;170;186;172;163;158;173;203;209;223;210;205
41724;Pernambuco;-40.449;-8.0005;184;197;165;186;167;157;150;164;195;203;219;207;199
41725;Pernambuco;-40.349;-8.0005;183;197;167;188;169;155;147;158;190;198;217;207;200
41726;Pernambuco;-40.249;-8.0005;181;195;166;185;167;155;144;157;189;198;217;203;196
41727;Pernambuco;-40.149;-8.0005;181;195;168;188;165;153;144;155;187;197;215;205;196
41728;Pernambuco;-40.049;-8.0005;180;194;166;186;163;154;143;154;186;197;213;203;196
41729;Pernambuco;-39.949;-8.0005;180;196;167;185;165;152;144;155;187;198;214;203;197
41730;Pernambuco;-39.849;-8.0005;180;197;166;185;165;152;146;156;187;198;214;203;197
41731;Pernambuco;-39.749;-8.0005;180;194;164;187;165;153;144;156;185;198;217;204;197
41732;Pernambuco;-39.649;-8.0005;179;193;163;186;165;151;143;155;186;197;213;202;196
41733;Pernambuco;-39.549;-8.0005;184;197;167;189;171;156;147;161;190;198;218;206;203
41734;Pernambuco;-39.449;-8.0005;184;199;167;187;170;157;147;162;190;198;218;205;202
41735;Pernambuco;-39.349;-8.0005;183;199;169;188;169;155;143;159;188;199;216;207;200
41736;Pernambuco;-39.249;-8.0005;181;197;167;187;169;154;142;158;186;199;214;206;198
41737;Pernambuco;-39.149;-8.0005;181;195;166;187;170;154;144;159;185;197;214;206;199
41738;Pernambuco;-39.049;-8.0005;182;196;166;189;171;153;142;156;186;199;215;208;200
41739;Pernambuco;-38.949;-8.0005;186;199;171;194;174;158;148;163;191;202;219;211;205
41740;Pernambuco;-38.849;-8.0005;190;203;176;199;179;163;150;165;195;204;220;213;209
41741;Pernambuco;-38.749;-8.0005;185;200;173;196;171;157;143;158;190;200;217;212;204
41742;Pernambuco;-38.649;-8.0005;187;204;175;199;175;159;144;160;189;201;217;214;207
41743;Pernambuco;-38.549;-8.0005;185;204;175;196;173;156;141;153;184;199;215;213;207
41744;Pernambuco;-38.449;-8.0005;186;203;178;199;174;155;139;155;187;199;218;215;209
41745;Pernambuco;-38.349;-8.0005;186;203;180;201;176;154;137;152;184;198;219;215;209
41746;Pernambuco;-38.249;-8.0005;185;202;179;197;177;155;138;154;185;200;218;214;207
41747;Pernambuco;-38.149;-8.0005;185;199;175;199;178;156;140;155;183;198;217;213;207
41748;Pernambuco;-38.049;-8.0005;187;204;181;199;178;157;141;156;184;200;217;214;209
41749;Pernambuco;-37.949;-8.0005;189;202;182;200;181;157;142;161;191;202;220;215;209
41750;Pernambuco;-37.849;-8.0005;187;200;182;200;179;157;143;158;190;202;218;215;207
41751;Pernambuco;-37.749;-8.0005;188;201;179;199;180;158;143;157;189;203;222;215;207
41752;Pernambuco;-37.649;-8.0005;188;204;181;204;181;158;142;155;185;201;220;216;210
41753;Pernambuco;-37.549;-8.0005;187;203;181;200;180;157;142;155;184;202;221;215;208
41754;Pernambuco;-37.449;-8.0005;186;203;177;196;178;159;143;156;187;199;218;211;205
41755;Pernambuco;-37.349;-8.0005;184;202;176;195;177;156;140;152;184;197;217;211;205
41756;Pernambuco;-37.249;-8.0005;183;200;175;196;177;152;138;149;177;194;217;216;208
41757;Pernambuco;-37.149;-8.0005;185;202;179;195;177;155;138;152;178;194;218;216;210
41762;Pernambuco;-36.649;-8.0005;190;209;186;203;182;163;145;158;187;197;220;221;215
41763;Pernambuco;-36.549;-8.0005;190;209;187;205;183;162;143;160;189;199;219;217;213
41764;Pernambuco;-36.449;-8.0005;186;205;184;203;182;159;141;153;183;191;213;213;211
41765;Pernambuco;-36.349;-8.0005;180;203;180;196;172;154;137;142;167;184;208;211;208
41766;Pernambuco;-36.249;-8.0005;181;203;183;199;174;154;136;142;168;184;207;211;208
41767;Pernambuco;-36.149;-8.0005;177;200;182;198;174;152;134;140;161;175;204;205;204
41768;Pernambuco;-36.049;-8.0005;177;202;183;199;175;154;132;137;159;175;202;206;206
41769;Pernambuco;-35.949;-8.0005;174;196;177;194;170;148;129;138;158;172;197;202;201
41770;Pernambuco;-35.849;-8.0005;172;194;177;192;168;148;128;137;155;170;197;203;200
41771;Pernambuco;-35.749;-8.0005;173;195;178;193;170;150;131;137;160;171;196;201;199
41772;Pernambuco;-35.649;-8.0005;171;194;176;188;165;151;132;138;158;174;192;196;194
41773;Pernambuco;-35.549;-8.0005;168;189;171;186;164;149;130;135;154;170;189;192;194
41774;Pernambuco;-35.449;-8.0005;170;188;171;186;164;150;131;139;158;173;191;193;196
41775;Pernambuco;-35.349;-8.0005;173;193;176;192;168;153;131;140;160;174;195;199;199
41776;Pernambuco;-35.249;-8.0005;173;194;177;191;170;153;131;141;163;173;193;196;195
41777;Pernambuco;-35.149;-8.0005;173;193;174;193;169;152;131;140;160;173;193;200;195
41778;Pernambuco;-35.049;-8.0005;173;194;176;195;170;153;129;139;157;174;193;199;196
41779;Pernambuco;-34.949;-8.0005;176;197;182;198;174;156;133;142;161;171;197;200;198
41780;Pernambuco;-34.849;-8.0005;184;202;186;205;179;163;142;153;175;182;205;209;206
42113;Pernambuco;-40.549;-7.9005;192;206;172;197;175;167;156;172;202;207;225;214;209
42114;Pernambuco;-40.449;-7.9005;184;197;167;187;168;159;150;162;194;202;217;208;201
42115;Pernambuco;-40.349;-7.9005;180;194;164;185;165;154;144;155;190;197;215;205;197
42116;Pernambuco;-40.249;-7.9005;182;197;167;188;166;154;147;158;190;199;216;207;199
42117;Pernambuco;-40.149;-7.9005;182;198;167;189;165;155;144;155;187;198;218;208;201
42118;Pernambuco;-40.049;-7.9005;180;197;166;186;164;151;142;153;186;197;216;207;200
42119;Pernambuco;-39.949;-7.9005;181;196;167;185;165;150;144;155;188;197;215;205;199
42120;Pernambuco;-39.849;-7.9005;182;197;168;189;167;152;145;156;187;197;216;208;199
42121;Pernambuco;-39.749;-7.9005;183;198;169;188;167;154;145;158;188;199;218;207;200
42122;Pernambuco;-39.649;-7.9005;184;199;171;189;169;155;146;161;190;200;218;207;202
42123;Pernambuco;-39.549;-7.9005;182;196;167;188;169;155;145;158;190;199;215;206;202
42124;Pernambuco;-39.449;-7.9005;182;195;166;188;168;155;145;159;188;198;216;207;202
42125;Pernambuco;-39.349;-7.9005;186;200;171;191;174;159;146;161;191;198;222;212;207
42126;Pernambuco;-39.249;-7.9005;179;192;164;186;167;150;139;154;185;196;214;205;197
42127;Pernambuco;-39.149;-7.9005;180;192;165;187;167;152;142;156;185;198;214;205;198
42128;Pernambuco;-39.049;-7.9005;182;193;167;191;168;154;143;156;188;200;215;207;199
42129;Pernambuco;-38.949;-7.9005;182;192;168;190;169;152;144;159;188;200;213;206;200
42130;Pernambuco;-38.849;-7.9005;183;195;170;190;170;155;145;158;187;200;215;208;202
42131;Pernambuco;-38.749;-7.9005;189;204;177;199;177;163;149;163;192;203;219;213;209
42132;Pernambuco;-38.649;-7.9005;183;199;172;193;171;156;142;156;185;200;215;210;203
42133;Pernambuco;-38.549;-7.9005;183;199;172;193;172;153;142;154;184;198;216;211;204
42134;Pernambuco;-38.449;-7.9005;188;204;180;203;179;159;142;160;186;200;219;215;209
42135;Pernambuco;-38.349;-7.9005;187;203;179;199;178;157;143;157;188;201;218;213;207
42136;Pernambuco;-38.249;-7.9005;187;202;178;199;179;157;142;156;189;199;219;213;206
42137;Pernambuco;-38.149;-7.9005;183;202;174;197;176;152;135;148;181;196;216;213;206
42138;Pernambuco;-38.049;-7.9005;184;201;178;201;180;153;136;149;179;195;214;214;209
42139;Pernambuco;-37.949;-7.9005;186;201;180;202;180;156;139;152;182;197;215;215;209
42140;Pernambuco;-37.849;-7.9005;189;203;183;205;182;158;144;159;190;201;220;215;209
42141;Pernambuco;-37.749;-7.9005;189;201;180;202;182;162;148;160;191;203;220;216;208
42142;Pernambuco;-37.649;-7.9005;188;204;182;202;179;159;145;158;188;201;220;216;208
42143;Pernambuco;-37.549;-7.9005;187;202;181;201;178;158;143;155;186;200;219;215;207
42144;Pernambuco;-37.449;-7.9005;187;199;176;196;178;157;148;158;189;202;219;214;206
42145;Pernambuco;-37.349;-7.9005;186;200;175;196;177;158;143;156;184;199;218;216;207
42146;Pernambuco;-37.249;-7.9005;188;205;181;201;179;160;143;154;183;199;221;219;211
42152;Pernambuco;-36.649;-7.9005;189;209;186;203;182;161;143;154;184;198;219;218;213
42153;Pernambuco;-36.549;-7.9005;191;211;188;206;184;163;146;157;188;200;221;218;216
42154;Pernambuco;-36.449;-7.9005;186;207;183;199;179;161;143;152;183;193;214;211;210
42155;Pernambuco;-36.349;-7.9005;182;204;181;199;174;156;136;150;169;188;212;209;206
42156;Pernambuco;-36.249;-7.9005;186;205;186;202;179;160;140;149;174;192;217;214;209
42157;Pernambuco;-36.149;-7.9005;179;199;178;196;170;153;136;145;171;181;205;208;205
42158;Pernambuco;-36.049;-7.9005;179;199;181;194;171;153;134;143;170;183;206;210;205
42159;Pernambuco;-35.949;-7.9005;176;196;179;198;173;156;132;141;161;175;198;199;202
42160;Pernambuco;-35.849;-7.9005;177;198;180;198;174;153;132;142;164;174;198;205;201
42161;Pernambuco;-35.749;-7.9005;173;194;175;194;170;152;132;138;160;173;196;199;198
42162;Pernambuco;-35.649;-7.9005;173;194;177;194;169;151;132;138;159;173;195;199;197
42163;Pernambuco;-35.549;-7.9005;164;183;163;182;161;149;129;131;148;164;185;187;187
42164;Pernambuco;-35.449;-7.9005;168;189;170;186;163;149;127;133;153;169;189;192;193
42165;Pernambuco;-35.349;-7.9005;172;194;172;192;169;153;129;138;159;171;193;196;198
42166;Pernambuco;-35.249;-7.9005;172;195;174;191;168;153;130;139;160;173;192;196;195
42167;Pernambuco;-35.149;-7.9005;173;196;177;192;168;153;130;139;158;172;195;199;197
42168;Pernambuco;-35.049;-7.9005;170;191;173;189;168;149;129;137;156;166;192;195;193
42169;Pernambuco;-34.949;-7.9005;172;193;178;193;170;153;131;138;157;168;191;195;195
42170;Pernambuco;-34.849;-7.9005;185;204;188;206;178;162;141;153;172;182;207;212;211
42502;Pernambuco;-40.649;-7.8005;184;190;160;177;167;163;157;171;204;209;217;198;190
42503;Pernambuco;-40.549;-7.8005;183;195;164;185;165;156;148;162;196;203;219;207;200
42504;Pernambuco;-40.449;-7.8005;185;198;169;189;169;158;149;162;193;201;220;209;201
42505;Pernambuco;-40.349;-7.8005;182;194;165;185;165;155;148;160;191;199;217;207;201
42506;Pernambuco;-40.249;-7.8005;179;193;162;183;165;152;144;155;188;197;214;202;195
42507;Pernambuco;-40.149;-7.8005;181;196;166;187;163;152;143;155;188;198;217;206;201
42508;Pernambuco;-40.049;-7.8005;183;199;168;192;166;154;144;155;188;199;218;210;201
42509;Pernambuco;-39.949;-7.8005;181;196;167;190;163;151;141;154;187;198;215;207;198
42510;Pernambuco;-39.849;-7.8005;184;201;171;192;169;156;147;157;188;200;218;209;203
42511;Pernambuco;-39.749;-7.8005;183;197;170;187;167;156;146;158;190;199;217;207;203
42512;Pernambuco;-39.649;-7.8005;184;198;170;188;169;157;149;163;192;198;218;208;203
42513;Pernambuco;-39.549;-7.8005;183;196;168;189;167;155;145;159;188;200;217;208;202
42514;Pernambuco;-39.449;-7.8005;181;192;166;185;166;152;144;157;187;199;216;207;198
42515;Pernambuco;-39.349;-7.8005;183;196;169;189;168;152;140;159;189;199;218;212;204
42516;Pernambuco;-39.249;-7.8005;181;195;167;189;168;149;139;156;186;197;216;210;204
42517;Pernambuco;-39.149;-7.8005;185;199;172;196;170;154;144;157;189;199;219;213;206
42518;Pernambuco;-39.049;-7.8005;186;202;174;196;172;157;147;160;189;200;219;212;206
42519;Pernambuco;-38.949;-7.8005;185;198;172;194;173;156;147;161;190;201;217;211;204
42520;Pernambuco;-38.849;-7.8005;187;200;174;196;174;160;148;163;193;204;217;210;203
42521;Pernambuco;-38.749;-7.8005;186;198;170;193;176;161;146;162;192;205;217;210;203
42522;Pernambuco;-38.649;-7.8005;188;200;174;197;178;165;149;165;194;206;218;211;202
42523;Pernambuco;-38.549;-7.8005;188;198;175;194;177;163;149;163;195;207;220;212;201
42524;Pernambuco;-38.449;-7.8005;186;200;175;196;175;160;147;158;189;203;217;212;202
42525;Pernambuco;-38.349;-7.8005;186;196;174;194;174;159;147;161;191;202;217;211;204
42526;Pernambuco;-38.249;-7.8005;186;195;173;191;175;159;148;161;193;204;216;210;202
42527;Pernambuco;-38.149;-7.8005;191;199;176;196;178;165;153;169;200;209;221;215;206
42528;Pernambuco;-38.049;-7.8005;191;203;179;201;182;162;148;163;195;207;222;217;207
42529;Pernambuco;-37.949;-7.8005;188;200;178;202;181;161;146;162;189;202;219;216;207
42530;Pernambuco;-37.849;-7.8005;189;203;182;205;183;159;143;156;188;202;221;216;210
42531;Pernambuco;-37.749;-7.8005;188;203;180;201;180;159;144;157;188;200;221;216;211
42532;Pernambuco;-37.649;-7.8005;189;204;181;202;181;159;145;156;187;201;222;216;208
42533;Pernambuco;-37.549;-7.8005;189;203;180;201;179;161;145;160;188;201;221;217;207
42534;Pernambuco;-37.449;-7.8005;187;202;179;199;178;162;143;156;184;201;221;217;207
42535;Pernambuco;-37.349;-7.8005;187;201;179;198;179;159;142;153;185;199;222;217;210
42536;Pernambuco;-37.249;-7.8005;188;204;180;200;178;160;142;160;186;200;222;218;210
42537;Pernambuco;-37.149;-7.8005;189;206;182;200;182;162;145;157;186;201;221;218;211
42544;Pernambuco;-36.449;-7.8005;187;205;186;200;180;161;144;157;182;194;215;211;208
42545;Pernambuco;-36.349;-7.8005;183;200;179;195;174;160;142;149;183;191;210;209;203
42546;Pernambuco;-36.249;-7.8005;181;199;178;192;172;159;142;149;175;187;208;206;203
42547;Pernambuco;-36.149;-7.8005;182;200;179;195;173;156;138;147;181;189;206;207;208
42548;Pernambuco;-36.049;-7.8005;180;198;182;196;172;158;138;146;176;182;204;207;203
42549;Pernambuco;-35.949;-7.8005;182;202;182;198;175;160;139;148;173;185;207;205;206
42550;Pernambuco;-35.849;-7.8005;176;196;178;195;171;155;133;141;167;176;200;202;198
42551;Pernambuco;-35.749;-7.8005;173;190;171;191;170;153;132;139;163;174;197;196;195
42552;Pernambuco;-35.649;-7.8005;173;192;172;193;171;155;131;139;160;174;198;198;197
42553;Pernambuco;-35.549;-7.8005;168;186;170;188;164;148;129;132;154;166;192;193;193
42554;Pernambuco;-35.449;-7.8005;165;184;166;187;163;146;126;129;150;165;189;190;189
42555;Pernambuco;-35.349;-7.8005;166;188;168;185;163;148;126;131;155;166;188;190;189
42556;Pernambuco;-35.249;-7.8005;169;189;171;186;167;150;126;137;159;170;190;194;192
42557;Pernambuco;-35.149;-7.8005;172;192;173;189;168;152;129;140;161;171;194;199;196
42558;Pernambuco;-35.049;-7.8005;174;193;176;195;170;154;132;140;160;172;195;200;196
42559;Pernambuco;-34.949;-7.8005;174;194;179;196;170;153;129;142;159;171;194;201;198
42560;Pernambuco;-34.849;-7.8005;183;206;185;203;177;160;138;150;170;182;209;211;209
42893;Pernambuco;-40.649;-7.7005;188;193;162;180;166;167;162;176;208;211;222;206;198
42894;Pernambuco;-40.549;-7.7005;184;197;167;190;168;159;150;162;196;202;219;205;201
42895;Pernambuco;-40.449;-7.7005;185;197;168;189;171;159;151;162;196;203;220;207;201
42896;Pernambuco;-40.349;-7.7005;181;193;163;185;164;155;147;159;191;200;218;204;198
42897;Pernambuco;-40.249;-7.7005;177;191;160;182;159;148;142;151;187;197;211;202;194
42898;Pernambuco;-40.149;-7.7005;181;194;166;185;164;155;143;154;187;198;217;207;197
42899;Pernambuco;-40.049;-7.7005;181;195;166;186;165;155;145;156;188;198;217;206;199
42900;Pernambuco;-39.949;-7.7005;180;194;165;184;165;154;144;155;189;198;216;204;196
42901;Pernambuco;-39.849;-7.7005;177;191;163;181;160;148;138;147;183;195;214;204;197
42902;Pernambuco;-39.749;-7.7005;183;197;168;188;167;156;144;158;190;199;218;208;204
42903;Pernambuco;-39.649;-7.7005;183;195;168;187;168;157;145;156;189;199;217;206;202
42904;Pernambuco;-39.549;-7.7005;183;195;167;187;168;156;147;160;190;200;218;209;201
42905;Pernambuco;-39.449;-7.7005;183;196;167;189;167;156;144;157;188;200;220;210;201
42906;Pernambuco;-39.349;-7.7005;182;197;168;190;167;149;137;153;184;198;220;213;205
42907;Pernambuco;-39.249;-7.7005;186;203;173;198;172;153;141;157;185;198;221;215;209
42908;Pernambuco;-39.149;-7.7005;186;201;173;198;173;155;141;158;187;200;220;215;210
42910;Pernambuco;-38.949;-7.7005;184;195;170;190;171;157;145;161;190;200;213;208;201
42911;Pernambuco;-38.849;-7.7005;185;195;169;190;172;159;150;164;193;204;214;206;200
42912;Pernambuco;-38.749;-7.7005;187;197;173;194;174;160;149;165;194;204;219;213;203
42913;Pernambuco;-38.649;-7.7005;186;195;173;195;176;162;148;163;192;203;214;211;200
42914;Pernambuco;-38.549;-7.7005;187;196;172;195;178;162;150;165;195;205;216;210;200
42915;Pernambuco;-38.449;-7.7005;190;199;174;197;176;167;154;169;198;207;218;211;204
42916;Pernambuco;-38.349;-7.7005;187;195;173;195;175;161;152;164;194;204;216;210;203
42919;Pernambuco;-38.049;-7.7005;192;207;180;204;184;164;154;167;198;206;222;215;208
42920;Pernambuco;-37.949;-7.7005;191;204;180;203;181;164;149;163;193;205;222;215;208
42921;Pernambuco;-37.849;-7.7005;187;204;179;200;181;157;142;155;187;201;219;214;206
42922;Pernambuco;-37.749;-7.7005;187;204;179;202;180;157;142;154;185;197;220;215;209
42923;Pernambuco;-37.649;-7.7005;189;204;181;204;182;160;143;158;187;202;221;215;208
42924;Pernambuco;-37.549;-7.7005;189;205;183;204;182;161;144;156;187;201;221;216;209
42925;Pernambuco;-37.449;-7.7005;187;201;179;198;178;162;143;153;184;200;220;216;207
42926;Pernambuco;-37.349;-7.7005;187;203;180;199;178;160;142;155;185;200;220;217;208
42927;Pernambuco;-37.249;-7.7005;188;205;183;198;181;159;142;156;184;199;220;217;208
42928;Pernambuco;-37.149;-7.7005;190;208;186;204;184;162;145;155;185;201;223;218;210
42941;Pernambuco;-35.849;-7.7005;175;192;174;188;169;156;135;145;169;180;199;200;195
42942;Pernambuco;-35.749;-7.7005;175;194;174;190;169;156;136;145;169;178;199;197;197
42943;Pernambuco;-35.649;-7.7005;175;193;175;192;171;155;134;142;170;175;198;200;199
42944;Pernambuco;-35.549;-7.7005;169;190;174;189;167;149;125;133;157;166;191;195;195
42945;Pernambuco;-35.449;-7.7005;166;187;167;186;163;147;124;131;152;165;187;192;191
42946;Pernambuco;-35.349;-7.7005;166;184;169;185;163;147;128;132;154;166;188;188;189
42947;Pernambuco;-35.249;-7.7005;168;186;171;185;165;149;129;135;155;166;186;194;193
42948;Pernambuco;-35.149;-7.7005;173;196;176;193;169;152;129;138;163;171;194;200;199
42949;Pernambuco;-35.049;-7.7005;177;200;181;198;173;155;132;142;161;172;198;206;204
42950;Pernambuco;-34.949;-7.7005;177;198;182;199;174;156;133;143;164;171;198;202;202
42951;Pernambuco;-34.849;-7.7005;181;202;182;201;176;160;138;149;171;180;205;207;206
43285;Pernambuco;-40.649;-7.6005;185;190;159;177;165;165;159;174;206;210;222;201;193
43286;Pernambuco;-40.549;-7.6005;181;188;159;174;161;160;153;166;199;205;217;196;189
43287;Pernambuco;-40.449;-7.6005;177;182;157;171;159;157;150;164;194;203;215;192;184
43288;Pernambuco;-40.349;-7.6005;175;182;156;170;156;151;147;159;191;201;212;193;188
43289;Pernambuco;-40.249;-7.6005;179;191;162;180;161;154;145;156;190;201;215;199;193
43290;Pernambuco;-40.149;-7.6005;179;193;164;181;162;154;142;154;188;198;214;200;194
43291;Pernambuco;-40.049;-7.6005;176;188;160;176;161;153;142;154;188;198;211;195;190
43292;Pernambuco;-39.949;-7.6005;176;186;158;174;158;148;140;153;188;196;212;200;193
43293;Pernambuco;-39.849;-7.6005;177;188;160;180;161;147;140;154;187;197;212;202;193
43294;Pernambuco;-39.749;-7.6005;182;194;166;186;167;156;144;157;188;200;217;206;201
43295;Pernambuco;-39.649;-7.6005;182;193;166;185;166;157;146;156;191;200;216;205;200
43296;Pernambuco;-39.549;-7.6005;181;193;164;185;166;154;144;158;189;200;217;205;197
43297;Pernambuco;-39.449;-7.6005;180;187;161;179;163;156;145;163;188;200;216;205;198
43298;Pernambuco;-39.349;-7.6005;181;190;163;185;164;154;145;159;187;200;215;205;199
43304;Pernambuco;-38.749;-7.6005;188;195;173;193;174;166;155;170;197;207;217;211;199
43305;Pernambuco;-38.649;-7.6005;189;200;174;195;179;167;152;166;195;205;219;216;203
43313;Pernambuco;-37.849;-7.6005;191;203;179;201;182;165;151;165;196;207;222;213;206
43314;Pernambuco;-37.749;-7.6005;190;200;178;200;181;164;150;165;194;205;222;212;204
43315;Pernambuco;-37.649;-7.6005;189;203;180;203;182;162;148;161;188;203;221;215;208
43316;Pernambuco;-37.549;-7.6005;189;202;180;201;182;162;145;160;188;202;220;213;208
43317;Pernambuco;-37.449;-7.6005;189;206;180;201;183;162;145;157;183;201;223;218;209
43318;Pernambuco;-37.349;-7.6005;188;205;181;199;179;162;142;156;185;199;222;216;208
43319;Pernambuco;-37.249;-7.6005;190;207;183;204;183;164;144;154;185;201;223;217;209
43320;Pernambuco;-37.149;-7.6005;189;206;183;204;184;163;145;157;185;201;221;215;207
43336;Pernambuco;-35.549;-7.6005;177;197;179;194;174;156;133;140;163;178;204;204;200
43337;Pernambuco;-35.449;-7.6005;167;186;168;184;165;150;124;133;154;166;187;191;191
43338;Pernambuco;-35.349;-7.6005;166;185;166;184;164;150;127;133;151;161;187;191;188
43339;Pernambuco;-35.249;-7.6005;165;182;166;184;163;150;128;134;151;163;185;190;186
43340;Pernambuco;-35.149;-7.6005;172;193;177;192;168;153;130;138;161;169;192;197;198
43341;Pernambuco;-35.049;-7.6005;175;195;178;196;171;155;133;141;161;170;196;203;200
43342;Pernambuco;-34.949;-7.6005;179;199;183;199;174;158;136;143;166;174;201;203;206
43343;Pernambuco;-34.849;-7.6005;182;201;184;202;177;160;137;149;172;178;204;206;209
43676;Pernambuco;-40.749;-7.5005;185;181;156;170;163;171;167;182;210;212;217;197;190
43677;Pernambuco;-40.649;-7.5005;186;187;158;175;166;168;161;178;208;212;221;201;194
43678;Pernambuco;-40.549;-7.5005;180;183;153;169;161;163;157;171;202;207;216;194;186
43679;Pernambuco;-40.449;-7.5005;181;183;157;172;162;163;158;171;200;207;217;195;188
43680;Pernambuco;-40.349;-7.5005;178;183;158;171;160;158;152;164;194;203;214;196;188
43681;Pernambuco;-40.249;-7.5005;177;184;156;172;159;156;150;163;195;201;213;195;185
43682;Pernambuco;-40.149;-7.5005;179;189;160;175;162;158;149;161;194;201;214;197;190
43683;Pernambuco;-40.049;-7.5005;174;181;154;166;157;152;146;157;190;197;210;193;186
43684;Pernambuco;-39.949;-7.5005;180;188;160;179;162;153;146;160;193;202;215;203;195
43685;Pernambuco;-39.849;-7.5005;179;189;162;183;163;151;142;157;190;200;215;201;194
43686;Pernambuco;-39.749;-7.5005;183;193;164;184;166;157;149;162;194;203;217;206;198
43687;Pernambuco;-39.649;-7.5005;178;188;158;177;159;150;144;157;191;200;215;202;194
43688;Pernambuco;-39.549;-7.5005;177;184;156;175;156;152;144;157;190;198;212;202;195
43689;Pernambuco;-39.449;-7.5005;179;186;157;175;159;156;148;163;194;201;212;201;194
43706;Pernambuco;-37.749;-7.5005;187;197;174;192;178;164;151;165;196;206;219;209;199
43707;Pernambuco;-37.649;-7.5005;190;202;177;197;180;166;153;167;197;207;222;213;204
43708;Pernambuco;-37.549;-7.5005;190;202;177;197;182;166;150;164;195;206;222;214;204
43709;Pernambuco;-37.449;-7.5005;188;205;180;200;180;162;147;158;185;202;220;215;206
43710;Pernambuco;-37.349;-7.5005;189;205;182;201;181;162;144;158;187;202;222;215;207
43711;Pernambuco;-37.249;-7.5005;188;205;180;200;181;162;143;156;188;200;221;215;208
43712;Pernambuco;-37.149;-7.5005;186;201;178;198;178;160;141;155;187;199;219;213;208
43713;Pernambuco;-37.049;-7.5005;188;202;181;201;179;161;144;160;187;200;220;213;207
43714;Pernambuco;-36.949;-7.5005;188;202;182;202;180;161;144;161;188;200;218;214;209
43728;Pernambuco;-35.549;-7.5005;173;191;170;187;167;153;132;140;166;178;197;199;196
43729;Pernambuco;-35.449;-7.5005;166;183;165;182;165;148;127;132;160;167;188;190;186
43730;Pernambuco;-35.349;-7.5005;169;187;168;186;164;154;131;138;161;168;187;192;192
43731;Pernambuco;-35.249;-7.5005;170;189;171;188;165;152;131;137;155;167;192;194;195
43732;Pernambuco;-35.149;-7.5005;171;192;175;191;167;151;130;139;159;168;193;197;196
43733;Pernambuco;-35.049;-7.5005;174;196;178;193;169;153;130;137;160;170;196;199;201
43734;Pernambuco;-34.949;-7.5005;176;196;179;196;170;156;133;142;163;173;199;200;199
43735;Pernambuco;-34.849;-7.5005;186;206;186;204;178;163;141;153;178;185;211;212;209
44070;Pernambuco;-40.649;-7.4005;184;179;153;168;166;170;168;182;210;212;219;196;187
44071;Pernambuco;-40.549;-7.4005;181;180;153;167;161;164;160;175;204;209;217;195;185
44072;Pernambuco;-40.449;-7.4005;180;180;155;168;159;161;158;174;202;207;216;195;187
44073;Pernambuco;-40.349;-7.4005;179;181;155;168;160;162;157;171;200;205;215;193;184
44074;Pernambuco;-40.249;-7.4005;179;181;154;169;158;160;156;169;199;204;214;193;186
44075;Pernambuco;-40.149;-7.4005;177;179;153;167;157;157;153;168;198;203;212;193;185
44076;Pernambuco;-40.049;-7.4005;179;181;154;170;158;158;153;168;198;204;213;198;187
44077;Pernambuco;-39.949;-7.4005;182;188;160;177;162;158;154;166;198;205;215;202;193
44078;Pernambuco;-39.849;-7.4005;180;186;158;177;162;156;150;163;196;202;217;201;192
44079;Pernambuco;-39.749;-7.4005;177;185;156;174;158;150;141;157;192;200;214;199;193
44080;Pernambuco;-39.649;-7.4005;179;185;153;172;157;156;152;164;197;202;211;201;192
44081;Pernambuco;-39.549;-7.4005;180;187;159;177;160;156;150;164;197;202;212;205;197
44101;Pernambuco;-37.549;-7.4005;189;199;174;194;178;166;151;166;195;207;220;211;203
44102;Pernambuco;-37.449;-7.4005;190;202;178;200;180;165;150;166;194;207;223;215;204
44103;Pernambuco;-37.349;-7.4005;190;203;180;199;179;166;148;164;189;204;223;216;207
44104;Pernambuco;-37.249;-7.4005;189;206;182;200;178;164;145;159;189;201;223;217;207
44105;Pernambuco;-37.149;-7.4005;188;203;180;201;180;162;144;157;188;199;221;215;208
44106;Pernambuco;-37.049;-7.4005;188;204;181;202;180;163;143;160;186;198;219;214;208
44123;Pernambuco;-35.349;-7.4005;174;193;173;187;167;156;135;145;169;175;197;195;195
44124;Pernambuco;-35.249;-7.4005;174;192;174;190;169;155;133;142;163;173;197;199;197
44125;Pernambuco;-35.149;-7.4005;174;195;176;190;169;153;133;141;163;172;197;197;198
44126;Pernambuco;-35.049;-7.4005;174;194;178;192;169;154;133;141;159;171;195;200;200
44464;Pernambuco;-40.549;-7.3005;184;178;155;169;164;170;168;184;210;210;218;197;190
44465;Pernambuco;-40.449;-7.3005;182;177;152;165;160;169;168;182;209;208;214;195;183
44466;Pernambuco;-40.349;-7.3005;184;181;155;170;162;169;167;183;209;210;216;199;188
44467;Pernambuco;-40.249;-7.3005;182;177;155;167;159;165;164;179;206;208;215;197;188
44470;Pernambuco;-39.949;-7.3005;183;182;158;171;161;165;163;177;204;208;216;200;189
44471;Pernambuco;-39.849;-7.3005;180;180;155;171;158;161;158;172;202;205;213;199;188
44472;Pernambuco;-39.749;-7.3005;180;183;156;171;157;158;156;172;201;204;212;202;192
44473;Pernambuco;-39.649;-7.3005;181;185;156;173;158;160;155;172;200;206;212;204;194
44496;Pernambuco;-37.349;-7.3005;193;204;178;198;181;168;153;168;202;211;227;219;209
44497;Pernambuco;-37.249;-7.3005;190;203;178;198;181;163;150;165;195;205;223;214;206
44498;Pernambuco;-37.149;-7.3005;189;201;181;201;180;162;146;161;191;201;221;213;206
